date,INDPRO,CUMFNS,PAYEMS,DPCERA3M086SBEA,CMRMTSPLx,AMDMNOx,HOUST,PERMIT,UNRATE,CLAIMSx,UEMPMEAN,AWHMAN,AWOTMAN,CE16OV,FEDFUNDS,GS10,BAA,T10YFFM,BAAFFM,VXOCLSx,EXCAUSx,CPIAUCSL,CPIULFSL,PCEPI,OILPRICEx,UMCSENTx,M2SL
1995-01-01,71.2734,84.4175,116505.0,54.379,837783.544,150459.0,1407.0,1282.0,5.6,333500.0,17.1,41.8,5.2,124663.0,5.53,7.78,9.08,2.25,3.55,12.27,1.4132,150.5,151.2,67.127,18.04,97.6,3492.4
1995-02-01,71.193,83.9078,116694.0,54.278,833069.631,153856.0,1316.0,1254.0,5.4,337750.0,17.0,41.7,5.1,124928.0,5.92,7.47,8.85,1.55,2.93,11.47,1.4005,150.9,151.6,67.246,18.57,95.1,3489.9
1995-03-01,71.3113,83.8217,116908.0,54.564,832775.237,152888.0,1249.0,1226.0,5.4,340250.0,17.3,41.5,4.9,124955.0,5.98,7.2,8.7,1.22,2.72,12.17,1.4077,151.2,152.0,67.37,18.54,90.3,3491.1
1995-04-01,71.1882,83.2082,117066.0,54.475,826543.692,151401.0,1267.0,1259.0,5.8,350200.0,17.6,40.9,4.4,124945.0,6.05,7.06,8.6,1.01,2.55,12.44,1.3762,151.8,152.4,67.547,19.9,92.5,3499.2
1995-05-01,71.5378,83.1916,117046.0,54.869,832629.842,152838.0,1314.0,1271.0,5.6,370250.0,17.0,41.2,4.5,124421.0,6.01,6.63,8.2,0.62,2.19,12.27,1.3609,152.1,152.8,67.651,19.74,89.8,3524.2
1995-06-01,71.7749,83.2331,117291.0,55.308,840655.39,150051.0,1281.0,1305.0,5.6,366250.0,15.9,41.2,4.6,124522.0,6.0,6.17,7.9,0.17,1.9,11.9,1.3775,152.4,153.2,67.717,18.45,92.7,3548.9
1995-07-01,71.4748,82.3071,117382.0,55.158,830716.88,148915.0,1461.0,1354.0,5.7,371400.0,16.5,41.1,4.6,124816.0,5.85,6.28,8.04,0.43,2.19,12.51,1.3612,152.6,153.3,67.802,17.33,94.4,3567.4
1995-08-01,72.4223,82.8963,117646.0,55.428,847545.417,154372.0,1416.0,1386.0,5.7,356250.0,16.2,41.2,4.7,124852.0,5.74,6.49,8.19,0.75,2.45,12.8,1.3552,152.9,153.6,67.948,18.02,96.2,3589.0
1995-09-01,72.7144,83.25,117873.0,55.558,846509.63,160175.0,1369.0,1421.0,5.6,362000.0,16.2,41.3,4.7,125133.0,5.8,6.2,7.93,0.4,2.13,12.06,1.3509,153.1,153.8,67.995,18.23,88.9,3602.1
1995-10-01,72.5866,82.7324,118026.0,55.342,846951.822,155473.0,1369.0,1400.0,5.5,371500.0,16.0,41.2,4.7,125388.0,5.76,6.04,7.75,0.28,1.99,14.36,1.3458,153.5,154.3,68.171,17.43,90.2,3613.4
1995-11-01,72.7779,82.4035,118165.0,55.803,853885.107,156146.0,1452.0,1430.0,5.6,377000.0,16.4,41.3,4.7,125188.0,5.8,5.93,7.68,0.13,1.88,12.47,1.3534,153.7,154.4,68.169,17.99,88.2,3619.9
1995-12-01,73.0305,82.2529,118325.0,56.158,857932.126,163279.0,1431.0,1442.0,5.6,365000.0,16.3,40.9,4.5,125088.0,5.6,5.71,7.49,0.11,1.89,11.75,1.3693,153.9,154.7,68.3,19.03,91.0,3629.5
1996-01-01,72.6125,81.2592,118317.0,55.905,849368.258,155806.0,1467.0,1387.0,5.6,374000.0,16.1,39.7,4.5,125125.0,5.56,5.65,7.47,0.09,1.91,13.47,1.3669,154.7,155.5,68.452,18.86,89.3,3647.9
1996-02-01,73.6752,82.0152,118738.0,56.334,857042.936,150773.0,1491.0,1420.0,5.5,377250.0,16.4,41.3,4.7,125639.0,5.22,5.81,7.63,0.59,2.41,15.03,1.3752,155.0,155.8,68.56,19.09,88.5,3661.8
1996-03-01,73.585,81.4024,118992.0,56.607,857469.507,164976.0,1424.0,1437.0,5.5,386400.0,17.3,41.1,4.5,125862.0,5.31,6.27,8.03,0.96,2.72,17.76,1.3656,155.5,156.3,68.767,21.33,93.7,3686.9
1996-04-01,74.3172,81.9406,119158.0,56.816,865141.781,156830.0,1516.0,1463.0,5.6,359250.0,17.6,41.1,4.7,125994.0,5.22,6.51,8.19,1.29,2.97,16.58,1.3592,156.1,156.8,68.973,23.5,92.7,3697.7
1996-05-01,74.8726,82.1342,119497.0,56.89,871724.196,164502.0,1504.0,1457.0,5.6,344500.0,17.0,41.4,4.8,126244.0,5.24,6.74,8.3,1.5,3.06,16.15,1.3693,156.4,157.3,69.092,21.17,89.4,3709.6
1996-06-01,75.4433,82.4584,119770.0,56.956,867614.693,164599.0,1467.0,1429.0,5.3,342200.0,17.6,41.5,4.8,126602.0,5.27,6.91,8.4,1.64,3.13,16.4,1.3658,156.7,157.3,69.091,20.42,92.4,3722.5
1996-07-01,75.4549,82.38,120019.0,57.077,874466.269,163588.0,1472.0,1450.0,5.5,337000.0,16.7,41.4,4.8,126947.0,5.4,6.87,8.35,1.47,2.95,17.98,1.3697,157.0,157.6,69.237,21.3,94.7,3737.1
1996-08-01,75.8411,82.3084,120198.0,57.273,877467.888,157310.0,1557.0,1413.0,5.1,331800.0,17.3,41.5,4.8,127172.0,5.22,6.64,8.18,1.42,2.96,15.76,1.3722,157.2,157.8,69.303,21.9,95.3,3744.0
1996-09-01,76.3158,82.4969,120400.0,57.346,880151.082,165442.0,1475.0,1392.0,5.2,342750.0,16.8,41.6,4.9,127536.0,5.3,6.83,8.35,1.53,3.05,16.58,1.3694,157.7,158.3,69.499,23.97,94.7,3753.4
1996-10-01,76.3384,82.0128,120665.0,57.516,887041.109,165266.0,1392.0,1358.0,5.2,339000.0,16.3,41.4,4.8,127890.0,5.24,6.53,8.07,1.29,2.83,16.38,1.3508,158.2,158.6,69.709,24.88,96.5,3772.8
1996-11-01,77.0397,82.3142,120947.0,57.659,893603.096,170783.0,1489.0,1412.0,5.4,336400.0,15.9,41.5,4.9,127771.0,5.31,6.2,7.79,0.89,2.48,16.0,1.3381,158.7,159.1,69.833,23.71,99.2,3795.1
1996-12-01,77.5333,82.5699,121143.0,57.888,887167.277,162332.0,1370.0,1411.0,5.4,353500.0,15.6,41.7,4.9,127860.0,5.29,6.3,7.89,1.01,2.6,19.26,1.3622,159.1,159.6,69.914,25.23,96.9,3818.6
1997-01-01,77.6562,82.2119,121356.0,58.162,898609.0,161827.0,1355.0,1382.0,5.3,339000.0,16.0,41.4,4.9,128298.0,5.25,6.58,8.09,1.33,2.84,19.47,1.3494,159.4,160.0,70.005,25.13,97.4,3834.6
1997-02-01,78.5833,82.8966,121673.0,58.285,916958.0,170221.0,1486.0,1445.0,5.2,320750.0,15.8,41.6,5.0,128298.0,5.19,6.42,7.94,1.23,2.75,20.14,1.3556,159.7,160.3,70.151,22.18,99.7,3846.3
1997-03-01,79.082,83.2201,121991.0,58.441,917376.0,167568.0,1457.0,1436.0,5.2,319400.0,15.5,41.8,5.1,128891.0,5.39,6.69,8.18,1.3,2.79,20.17,1.3725,159.8,160.4,70.225,20.97,100.0,3861.2
1997-04-01,79.1747,82.7028,122289.0,58.438,920441.0,174054.0,1492.0,1421.0,5.1,327000.0,15.6,41.8,5.1,129143.0,5.51,6.89,8.34,1.38,2.83,19.66,1.3942,159.9,160.5,70.294,19.7,101.4,3877.0
1997-05-01,79.6133,82.788,122560.0,58.474,920215.0,168586.0,1442.0,1414.0,4.9,323800.0,15.4,41.7,5.1,129464.0,5.5,6.71,8.2,1.21,2.7,19.92,1.3804,159.9,160.5,70.262,20.82,103.2,3889.2
1997-06-01,79.9792,82.7944,122816.0,58.763,932603.0,174828.0,1494.0,1402.0,5.0,325500.0,15.5,41.6,4.9,129412.0,5.56,6.49,8.02,0.93,2.46,20.19,1.3843,160.2,160.8,70.352,19.26,104.5,3906.0
1997-07-01,80.6624,82.902,123114.0,59.312,942048.0,178860.0,1437.0,1440.0,4.9,320250.0,16.4,41.6,5.0,129822.0,5.52,6.22,7.75,0.7,2.23,20.53,1.3775,160.4,161.0,70.394,19.66,107.1,3923.9
1997-08-01,81.4694,83.3485,123087.0,59.672,939378.0,177302.0,1390.0,1449.0,4.8,330200.0,16.0,41.7,5.1,130010.0,5.54,6.3,7.82,0.76,2.28,23.08,1.3905,160.8,161.3,70.45,19.95,104.4,3957.4
1997-09-01,82.2156,83.5136,123575.0,59.684,946972.0,177835.0,1546.0,1494.0,4.9,315250.0,15.9,41.7,5.1,130019.0,5.54,6.21,7.7,0.67,2.16,23.81,1.3872,161.2,161.8,70.62,19.8,106.0,3973.1
1997-10-01,82.9446,83.6688,123924.0,59.989,944230.0,177801.0,1520.0,1499.0,4.7,310000.0,16.1,41.8,5.2,130179.0,5.5,6.03,7.57,0.53,2.07,23.87,1.3869,161.5,162.1,70.712,21.33,105.6,3992.3
1997-11-01,83.5978,83.8583,124225.0,60.235,954274.0,191187.0,1510.0,1469.0,4.6,314600.0,15.4,41.8,5.2,130653.0,5.52,5.88,7.42,0.36,1.9,32.21,1.4128,161.7,162.2,70.716,20.19,107.2,4014.8
1997-12-01,83.9538,83.6515,124549.0,60.579,951871.0,173770.0,1566.0,1456.0,4.7,313250.0,15.9,42.0,5.2,130679.0,5.5,5.81,7.32,0.31,1.82,26.28,1.4271,161.8,162.4,70.701,18.33,102.1,4032.9
1998-01-01,84.3218,83.6492,124806.0,60.525,953719.0,174288.0,1525.0,1555.0,4.6,321200.0,15.6,41.9,5.2,130726.0,5.56,5.54,7.19,-0.02,1.63,23.87,1.4409,162.0,162.4,70.736,16.72,106.6,4056.2
1998-02-01,84.4583,83.1551,125017.0,60.918,967109.0,181270.0,1584.0,1647.0,4.6,319000.0,15.4,41.7,5.1,130807.0,5.51,5.57,7.25,0.06,1.74,20.0,1.4334,162.0,162.4,70.699,16.06,110.4,4088.9
1998-03-01,84.488,82.3971,125165.0,61.189,971898.0,176886.0,1567.0,1605.0,4.7,315000.0,14.5,41.5,5.1,130814.0,5.49,5.65,7.32,0.16,1.83,20.16,1.4166,162.0,162.4,70.71,15.12,106.5,4114.3
1998-04-01,84.7779,82.1691,125445.0,61.516,973216.0,180915.0,1540.0,1547.0,4.3,311000.0,14.7,41.2,4.9,131209.0,5.45,5.64,7.33,0.19,1.88,22.03,1.4298,162.2,162.6,70.798,15.35,108.7,4140.2
1998-05-01,85.3367,82.0271,125845.0,61.961,976540.0,180634.0,1536.0,1554.0,4.4,311200.0,14.7,41.5,4.9,131325.0,5.49,5.65,7.3,0.16,1.81,20.87,1.4452,162.6,163.1,70.895,14.91,106.5,4164.4
1998-06-01,84.8248,80.8666,126076.0,62.372,972634.0,172189.0,1641.0,1551.0,4.5,338000.0,14.1,41.4,4.8,131244.0,5.56,5.5,7.13,-0.06,1.57,21.66,1.4655,162.8,163.3,70.835,13.72,105.6,4184.1
1998-07-01,84.4986,80.0244,126212.0,62.412,966951.0,170459.0,1698.0,1610.0,4.5,333000.0,14.1,41.4,4.8,131329.0,5.54,5.46,7.15,-0.08,1.61,19.93,1.4869,163.2,163.6,71.01,14.17,105.2,4203.8
1998-08-01,86.248,81.4968,126546.0,62.697,977500.0,179033.0,1614.0,1654.0,4.5,312600.0,13.7,41.4,4.8,131390.0,5.55,5.34,7.14,-0.21,1.59,31.59,1.5346,163.4,163.9,71.108,13.47,104.4,4228.7
1998-09-01,86.2021,80.9731,126744.0,63.163,986814.0,181422.0,1582.0,1577.0,4.6,304000.0,14.4,41.3,4.7,131986.0,5.51,4.81,7.09,-0.7,1.58,38.2,1.5218,163.5,163.9,71.067,15.03,100.9,4267.7
1998-10-01,86.7914,81.2168,126949.0,63.376,995183.0,178527.0,1715.0,1719.0,4.5,310600.0,14.1,41.4,4.8,131999.0,5.07,4.53,7.18,-0.54,2.11,36.61,1.5452,163.9,164.2,71.223,14.46,97.4,4307.9
1998-11-01,86.7256,80.9192,127222.0,63.548,999456.0,182400.0,1660.0,1672.0,4.4,316000.0,14.5,41.4,4.8,132280.0,4.83,4.83,7.34,0.0,2.51,26.22,1.5404,164.1,164.4,71.226,13.0,102.7,4346.6
1998-12-01,87.1185,81.0067,127595.0,64.067,1007152.0,178424.0,1792.0,1742.0,4.4,316000.0,14.0,41.5,4.8,132602.0,4.68,4.65,7.23,-0.03,2.55,25.48,1.5433,164.4,164.8,71.298,11.35,100.5,4375.6
1999-01-01,87.4949,80.8313,127699.0,64.013,1005803.0,186527.0,1748.0,1732.0,4.3,326200.0,13.4,41.3,4.8,133027.0,4.63,4.72,7.29,0.09,2.66,28.04,1.5194,164.7,165.0,71.398,12.52,103.9,4403.0
1999-02-01,88.027,81.1755,128117.0,64.316,1021353.0,185546.0,1670.0,1720.0,4.4,301500.0,13.8,41.4,4.8,132856.0,4.76,5.0,7.39,0.24,2.63,28.82,1.4977,164.7,164.9,71.358,12.01,108.1,4425.8
1999-03-01,88.2267,80.8083,128234.0,64.624,1019851.0,184689.0,1710.0,1665.0,4.2,302750.0,13.4,41.3,4.8,132947.0,4.81,5.23,7.53,0.42,2.72,25.31,1.5176,164.8,165.1,71.412,14.68,105.7,4432.6
1999-04-01,88.4295,80.7354,128595.0,65.011,1018152.0,182993.0,1553.0,1600.0,4.3,308500.0,13.3,41.3,4.8,132955.0,4.74,5.18,7.48,0.44,2.74,23.48,1.4881,165.9,166.3,71.757,17.31,104.6,4461.4
1999-05-01,88.9886,81.0344,128813.0,65.311,1033086.0,185963.0,1611.0,1640.0,4.2,301600.0,13.4,41.4,4.8,133311.0,4.74,5.54,7.72,0.8,2.98,26.2,1.4611,166.0,166.4,71.804,17.72,106.8,4486.1
1999-06-01,88.9188,80.4957,129084.0,65.586,1034140.0,182590.0,1559.0,1702.0,4.3,294000.0,14.3,41.3,4.9,133378.0,4.76,5.9,8.02,1.14,3.26,23.63,1.4695,166.0,166.5,71.826,17.92,107.3,4508.0
1999-07-01,89.4333,80.4847,129422.0,65.697,1035484.0,189083.0,1669.0,1682.0,4.3,298000.0,13.6,41.4,4.8,133414.0,4.99,5.79,7.95,0.8,2.96,21.05,1.489,166.7,167.1,72.017,20.1,106.0,4535.4
1999-08-01,89.7924,80.634,129572.0,66.041,1043658.0,189414.0,1648.0,1671.0,4.2,290750.0,13.1,41.5,4.9,133591.0,5.07,5.94,8.15,0.87,3.08,24.32,1.4932,167.1,167.6,72.148,21.28,104.5,4552.7
1999-09-01,89.4299,79.9785,129771.0,66.372,1041766.0,188910.0,1635.0,1551.0,4.2,289500.0,13.1,41.4,4.9,133707.0,5.22,5.92,8.2,0.7,2.98,24.54,1.4771,167.8,168.4,72.407,23.8,107.2,4568.8
1999-10-01,90.523,80.7666,130178.0,66.518,1050919.0,194547.0,1608.0,1649.0,4.1,290400.0,13.3,41.4,4.9,133993.0,5.2,6.11,8.38,0.91,3.18,24.02,1.4776,168.1,168.7,72.529,22.69,103.2,4592.7
1999-11-01,90.9618,80.9602,130466.0,66.845,1056351.0,186597.0,1648.0,1672.0,4.1,281750.0,12.9,41.4,4.9,134309.0,5.42,6.03,8.15,0.61,2.73,21.82,1.4674,168.4,168.9,72.594,25.0,107.2,4611.8
1999-12-01,91.6634,81.1849,130783.0,67.645,1060927.0,196344.0,1708.0,1683.0,4.0,278500.0,12.9,41.4,4.9,134523.0,5.3,6.28,8.19,0.98,2.89,22.16,1.4722,168.8,169.4,72.763,26.1,105.4,4639.3
2000-01-01,91.538,80.8292,131011.0,67.481,1069375.0,201360.0,1636.0,1727.0,4.0,288400.0,13.1,41.5,4.9,136559.0,5.45,6.66,8.33,1.21,2.88,23.2,1.4486,169.3,170.0,72.961,27.26,112.0,4667.6
2000-02-01,91.8239,80.6792,131120.0,68.116,1050132.0,183911.0,1737.0,1692.0,4.1,293750.0,12.6,41.5,5.0,136598.0,5.73,6.52,8.29,0.79,2.56,23.6,1.4512,170.0,170.7,73.191,29.37,111.3,4680.9
2000-03-01,92.1504,80.8587,131604.0,68.451,1062548.0,192130.0,1604.0,1651.0,4.0,274750.0,12.7,41.4,4.7,136701.0,5.85,6.26,8.37,0.41,2.52,22.72,1.4608,171.0,171.8,73.505,29.84,107.1,4711.7
2000-04-01,92.6989,81.0265,131884.0,68.431,1071378.0,195044.0,1626.0,1597.0,3.8,271600.0,12.4,41.6,4.8,137270.0,6.02,5.99,8.4,-0.03,2.38,27.16,1.4689,170.9,171.7,73.444,25.72,109.2,4767.8
2000-05-01,92.9499,80.701,132105.0,68.688,1065692.0,188606.0,1575.0,1543.0,4.0,282250.0,12.6,41.2,4.7,136630.0,6.27,6.44,8.9,0.17,2.63,26.37,1.4957,171.2,171.9,73.505,28.79,110.7,4755.7
2000-06-01,92.9862,80.5159,132063.0,68.834,1072737.0,219745.0,1559.0,1572.0,4.0,291000.0,12.3,41.3,4.7,136940.0,6.53,6.1,8.48,-0.43,1.95,21.54,1.477,172.2,173.1,73.754,31.82,106.4,4773.6
2000-07-01,92.8048,80.2704,132228.0,68.882,1065977.0,189265.0,1463.0,1542.0,4.0,295000.0,13.4,41.5,4.7,136531.0,6.54,6.05,8.35,-0.49,1.81,19.89,1.4778,172.7,173.5,73.939,29.7,108.3,4791.3
2000-08-01,92.5521,79.4606,132234.0,69.236,1066347.0,188730.0,1541.0,1552.0,4.1,312750.0,12.9,41.1,4.6,136662.0,6.5,5.83,8.26,-0.67,1.76,18.09,1.4828,172.7,173.4,73.934,31.26,107.3,4819.5
2000-09-01,92.9792,79.5715,132337.0,69.808,1077852.0,199947.0,1507.0,1570.0,3.9,300200.0,12.2,41.1,4.6,136893.0,6.52,5.8,8.35,-0.72,1.83,19.69,1.4864,173.6,174.5,74.252,33.88,106.8,4855.2
2000-10-01,92.6179,78.9447,132352.0,69.765,1069627.0,186158.0,1549.0,1577.0,3.9,301000.0,12.7,41.1,4.6,137088.0,6.51,5.74,8.34,-0.77,1.83,25.2,1.5125,173.9,174.7,74.353,33.11,105.8,4871.3
2000-11-01,92.6438,78.447,132556.0,69.829,1061839.0,189392.0,1551.0,1614.0,3.9,334250.0,12.4,41.1,4.4,137322.0,6.51,5.72,8.28,-0.79,1.77,26.38,1.5426,174.2,175.1,74.457,34.42,107.6,4882.7
2000-12-01,92.3415,77.6908,132716.0,70.149,1070164.0,188659.0,1532.0,1543.0,3.9,346000.0,12.5,40.3,4.1,137614.0,6.4,5.24,8.02,-1.16,1.62,26.53,1.5219,174.6,175.4,74.571,28.44,98.4,4927.6
2001-01-01,91.902,77.1264,132703.0,70.164,1061578.0,177056.0,1600.0,1699.0,4.2,340000.0,12.7,40.7,4.2,137778.0,5.98,5.16,7.93,-0.82,1.95,24.92,1.5032,175.6,176.6,74.932,29.59,94.7,4978.3
2001-02-01,91.3034,76.3313,132788.0,70.199,1066262.0,180276.0,1625.0,1656.0,4.2,371250.0,12.8,40.5,4.0,137612.0,5.49,5.1,7.87,-0.39,2.38,23.41,1.5216,176.0,176.8,75.048,29.61,90.6,5017.0
2001-03-01,91.1162,75.9107,132751.0,70.141,1053481.0,182209.0,1590.0,1659.0,4.3,387200.0,12.8,40.5,4.1,137783.0,5.31,4.89,7.84,-0.42,2.53,28.5,1.5587,176.1,176.9,75.055,27.25,91.5,5074.8
2001-04-01,90.7891,75.3521,132458.0,70.094,1045172.0,171850.0,1649.0,1666.0,4.4,396750.0,12.4,40.4,4.1,137299.0,4.8,5.14,8.07,0.34,3.27,28.13,1.5578,176.4,177.2,75.187,27.49,88.4,5139.1
2001-05-01,90.3555,74.7304,132408.0,70.394,1054208.0,177749.0,1605.0,1665.0,4.3,394500.0,12.1,40.4,4.0,137092.0,4.21,5.39,8.07,1.18,3.86,22.94,1.5411,177.3,178.2,75.385,28.63,92.0,5137.2
2001-06-01,89.8784,74.097,132300.0,70.438,1039840.0,176350.0,1636.0,1626.0,4.5,397200.0,12.7,40.3,4.0,136873.0,3.97,5.28,7.97,1.31,4.0,20.94,1.5245,177.7,178.6,75.518,27.6,92.6,5180.1
2001-07-01,89.3028,73.5073,132172.0,70.588,1043806.0,170129.0,1670.0,1598.0,4.6,398000.0,12.9,40.6,4.2,137071.0,3.77,5.24,7.97,1.47,4.2,22.32,1.5308,177.4,178.1,75.493,26.43,92.4,5210.0
2001-08-01,89.2003,73.0372,132021.0,70.989,1052430.0,170484.0,1567.0,1615.0,4.9,398000.0,13.3,40.3,4.0,136241.0,3.65,4.97,7.85,1.32,4.2,21.86,1.5399,177.4,178.1,75.484,27.37,91.5,5243.8
2001-09-01,88.7485,72.5829,131763.0,70.084,1030304.0,164123.0,1562.0,1565.0,5.0,435000.0,13.2,40.2,3.9,136846.0,3.07,4.73,8.03,1.66,4.96,35.07,1.5679,178.1,178.8,75.227,26.2,81.8,5355.1
2001-10-01,88.5052,72.1596,131452.0,71.89,1060915.0,171530.0,1540.0,1566.0,5.3,480750.0,13.3,40.1,3.8,136392.0,2.49,4.57,7.91,2.08,5.42,32.72,1.5717,177.6,178.1,75.492,22.17,82.7,5343.8
2001-11-01,87.97,71.7544,131144.0,71.633,1055757.0,163811.0,1602.0,1651.0,5.5,447500.0,14.3,40.0,3.8,136238.0,2.09,4.65,7.81,2.56,5.72,26.63,1.5922,177.5,178.0,75.441,19.64,83.9,5387.5
2001-12-01,87.9324,71.7863,130983.0,71.552,1057834.0,165304.0,1568.0,1680.0,5.7,416800.0,14.5,40.2,3.7,136047.0,1.82,5.09,8.05,3.27,6.23,23.72,1.5788,177.4,177.8,75.363,19.39,88.8,5440.5
2002-01-01,88.5176,72.1618,130859.0,71.667,1056809.0,163324.0,1698.0,1665.0,5.7,408500.0,14.7,40.2,3.9,135701.0,1.73,5.04,7.87,3.31,6.14,22.25,1.5997,177.7,178.1,75.431,19.72,93.0,5460.9
2002-02-01,88.5278,72.088,130737.0,71.951,1060653.0,172406.0,1829.0,1787.0,5.7,399000.0,15.0,40.2,3.9,136438.0,1.74,4.91,7.89,3.17,6.15,22.88,1.5964,178.0,178.4,75.558,20.72,90.7,5490.2
2002-03-01,89.1686,72.5091,130722.0,71.937,1055421.0,167853.0,1642.0,1691.0,5.7,415400.0,15.4,40.5,4.1,136177.0,1.73,5.28,8.11,3.55,6.38,18.99,1.5877,178.5,178.9,75.763,24.53,95.7,5502.0
2002-04-01,89.604,72.6845,130616.0,72.321,1067559.0,171852.0,1592.0,1669.0,5.9,429250.0,16.3,40.6,4.2,136126.0,1.75,5.21,8.03,3.46,6.28,19.9,1.5815,179.3,179.8,76.08,26.18,93.0,5502.1
2002-05-01,89.964,73.0064,130632.0,72.041,1069774.0,171854.0,1764.0,1716.0,5.8,409000.0,16.8,40.6,4.3,136539.0,1.75,5.16,8.09,3.41,6.34,20.09,1.5502,179.5,180.1,76.13,27.04,96.9,5528.3
2002-06-01,90.7061,73.7004,130674.0,72.283,1073259.0,166070.0,1717.0,1758.0,5.8,387200.0,16.9,40.7,4.3,136415.0,1.75,4.93,7.95,3.18,6.2,25.27,1.5318,179.6,180.3,76.225,25.52,92.4,5553.3
2002-07-01,90.6769,73.6162,130584.0,72.762,1070268.0,174282.0,1655.0,1738.0,5.8,386000.0,16.9,40.4,4.3,136413.0,1.73,4.65,7.9,2.92,6.17,34.05,1.5456,180.0,180.7,76.393,26.97,88.1,5596.0
2002-08-01,90.5762,73.6831,130581.0,72.868,1080545.0,177126.0,1633.0,1695.0,5.7,393600.0,16.5,40.5,4.3,136705.0,1.74,4.26,7.58,2.52,5.84,33.74,1.5694,180.5,181.3,76.543,28.39,87.6,5638.3
2002-09-01,90.6531,73.7166,130502.0,72.531,1071285.0,166838.0,1804.0,1803.0,5.7,409500.0,17.6,40.5,4.2,137302.0,1.75,3.87,7.4,2.12,5.65,37.65,1.5761,180.8,181.5,76.681,29.66,86.1,5662.3
2002-10-01,90.4643,73.5323,130617.0,72.827,1066346.0,169134.0,1648.0,1799.0,5.7,407500.0,17.8,40.3,4.2,137008.0,1.75,3.94,7.73,2.19,5.98,35.24,1.578,181.2,182.0,76.821,28.84,80.6,5707.1
2002-11-01,90.9711,73.9162,130616.0,73.035,1077771.0,170023.0,1753.0,1771.0,5.9,392200.0,17.6,40.4,4.2,136521.0,1.34,4.05,7.62,2.71,6.28,28.18,1.5715,181.5,182.3,76.897,26.35,84.2,5758.1
2002-12-01,90.4652,73.4884,130465.0,73.513,1069405.0,163962.0,1788.0,1896.0,6.0,414250.0,18.5,40.5,4.3,136426.0,1.24,4.03,7.45,2.79,6.21,28.21,1.5592,181.8,182.6,76.971,29.46,86.7,5779.4
2003-01-01,91.2361,74.1095,130573.0,73.503,1075692.0,169994.0,1853.0,1808.0,5.8,395000.0,18.5,40.3,4.2,137417.0,1.24,4.05,7.35,2.81,6.11,27.42,1.5414,182.6,183.6,77.201,32.95,82.4,5812.1
2003-02-01,91.3445,74.0295,130441.0,73.266,1063803.0,174113.0,1629.0,1854.0,5.9,411000.0,18.5,40.3,4.2,137482.0,1.26,3.9,7.06,2.64,5.8,32.22,1.5121,183.6,184.5,77.526,35.83,79.9,5848.2
2003-03-01,91.1044,74.1193,130235.0,73.687,1073501.0,172245.0,1726.0,1757.0,5.9,427400.0,18.1,40.4,4.1,137434.0,1.25,3.81,6.95,2.56,5.7,30.63,1.4761,183.9,184.8,77.725,33.51,77.6,5868.4
2003-04-01,90.5617,73.6009,130173.0,74.035,1070393.0,169347.0,1643.0,1803.0,6.0,436250.0,19.4,40.1,4.1,137633.0,1.26,3.96,6.85,2.7,5.59,23.99,1.4582,183.2,184.0,77.593,28.17,86.0,5905.5
2003-05-01,90.537,73.6471,130197.0,74.273,1079781.0,171542.0,1751.0,1835.0,6.1,424000.0,19.0,40.2,4.1,137544.0,1.26,3.57,6.38,2.31,5.12,20.24,1.384,182.9,183.6,77.504,28.11,92.1,5965.3
2003-06-01,90.6527,73.9947,130186.0,74.671,1089890.0,173507.0,1867.0,1875.0,6.3,421750.0,19.9,40.3,4.1,137790.0,1.22,3.33,6.19,2.11,4.97,20.36,1.3525,183.1,183.7,77.588,30.66,89.7,6002.2
2003-07-01,91.1185,74.2472,130184.0,75.008,1098175.0,173320.0,1897.0,1885.0,6.2,411500.0,19.7,40.1,4.0,137474.0,1.01,3.98,6.62,2.97,5.61,19.16,1.3821,183.7,184.3,77.816,30.76,90.9,6049.1
2003-08-01,90.9197,73.9161,130153.0,75.672,1097724.0,173044.0,1833.0,1966.0,6.1,400200.0,19.2,40.2,4.1,137549.0,1.03,4.45,7.01,3.42,5.98,19.27,1.3963,184.5,185.1,78.079,31.57,89.3,6107.1
2003-09-01,91.5059,74.5478,130252.0,75.452,1102189.0,178690.0,1939.0,1961.0,6.1,395500.0,19.5,40.5,4.2,137609.0,1.01,4.27,6.79,3.26,5.78,19.53,1.3634,185.1,185.8,78.323,28.31,87.7,6079.7
2003-10-01,91.6186,74.647,130439.0,75.574,1104794.0,183704.0,1967.0,2012.0,6.0,382000.0,19.3,40.6,4.3,137984.0,1.01,4.29,6.73,3.28,5.72,18.02,1.3221,184.9,185.5,78.333,30.34,89.6,6070.0
2003-11-01,92.2329,75.3087,130480.0,76.008,1109066.0,181685.0,2083.0,1918.0,5.8,363000.0,19.9,40.9,4.5,138424.0,1.0,4.3,6.66,3.3,5.66,17.4,1.313,185.0,185.4,78.432,31.11,93.7,6075.5
2003-12-01,92.2602,75.2623,130589.0,76.108,1105930.0,181513.0,2057.0,1987.0,5.7,358250.0,19.8,40.7,4.5,138411.0,0.98,4.27,6.6,3.29,5.62,16.83,1.3128,185.5,185.8,78.605,32.13,92.6,6073.8
2004-01-01,92.4006,75.2136,130756.0,76.355,1100415.0,178696.0,1911.0,1952.0,5.7,360200.0,19.9,40.9,4.5,138472.0,1.0,4.15,6.44,3.15,5.44,16.1,1.2958,186.3,186.8,78.909,34.31,103.8,6082.1
2004-02-01,92.958,75.8069,130821.0,76.51,1108947.0,181662.0,1846.0,1966.0,5.6,360750.0,20.1,41.0,4.5,138542.0,1.01,4.08,6.27,3.07,5.26,16.0,1.3299,186.7,187.2,79.077,34.69,94.4,6121.8
2004-03-01,92.5861,75.8094,131140.0,76.947,1134983.0,190869.0,1998.0,2066.0,5.8,342000.0,19.8,40.9,4.6,138453.0,1.0,3.83,6.11,2.83,5.11,17.69,1.3286,187.1,187.6,79.199,36.74,95.8,6157.9
2004-04-01,92.93,76.0725,131412.0,76.884,1122891.0,184368.0,2003.0,2070.0,5.6,348250.0,19.6,40.7,4.5,138680.0,1.0,4.35,6.46,3.35,5.46,15.7,1.342,187.4,187.8,79.346,36.75,94.2,6198.9
2004-05-01,93.6013,76.628,131697.0,77.289,1126018.0,183459.0,1981.0,2150.0,5.6,336200.0,19.8,41.1,4.6,138852.0,1.0,4.72,6.75,3.72,5.75,17.71,1.3789,188.2,188.6,79.604,40.28,90.2,6275.7
2004-06-01,92.871,76.1259,131794.0,76.892,1124971.0,185640.0,1828.0,2020.0,5.6,349000.0,20.5,40.8,4.6,139174.0,1.03,4.73,6.78,3.7,5.75,15.34,1.3578,188.9,189.3,79.831,38.03,95.6,6277.9
2004-07-01,93.5649,76.8104,131854.0,77.568,1126633.0,186835.0,2002.0,2112.0,5.5,343000.0,18.8,40.8,4.6,139556.0,1.26,4.5,6.62,3.24,5.36,15.5,1.3225,189.1,189.4,79.905,40.78,96.7,6291.1
2004-08-01,93.6277,77.1402,131939.0,77.855,1136416.0,183728.0,2024.0,2056.0,5.4,340750.0,18.8,40.8,4.5,139573.0,1.43,4.28,6.46,2.85,5.03,16.68,1.3127,189.2,189.6,79.946,44.9,95.9,6317.8
2004-09-01,93.7467,77.1344,132089.0,78.358,1141076.0,188444.0,1905.0,2041.0,5.4,337250.0,19.4,40.7,4.6,139487.0,1.61,4.13,6.27,2.52,4.66,14.08,1.2881,189.8,190.3,80.104,45.94,94.2,6352.2
2004-10-01,94.5465,77.7669,132429.0,78.542,1143491.0,185187.0,2072.0,2097.0,5.5,334000.0,19.5,40.6,4.5,139732.0,1.76,4.1,6.21,2.34,4.45,14.97,1.2469,190.8,191.3,80.448,53.28,91.7,6379.8
2004-11-01,94.7813,77.7031,132503.0,78.683,1145583.0,192545.0,1782.0,2079.0,5.4,328750.0,19.7,40.5,4.4,140231.0,1.93,4.19,6.2,2.26,4.27,13.58,1.1968,191.7,192.3,80.758,48.47,92.8,6406.3
2004-12-01,95.5365,78.2322,132630.0,79.199,1163441.0,193578.0,2042.0,2082.0,5.4,325250.0,19.4,40.6,4.5,140125.0,2.16,4.23,6.15,2.07,3.99,12.46,1.2189,191.7,192.3,80.801,43.15,97.1,6424.5
2005-01-01,95.8801,78.6268,132781.0,79.033,1167649.0,194875.0,2144.0,2139.0,5.3,343400.0,19.5,40.7,4.6,140245.0,2.28,4.22,6.02,1.94,3.74,13.44,1.2248,191.6,192.1,80.907,46.84,95.5,6430.8
2005-02-01,96.5761,79.1803,133034.0,79.383,1168023.0,196475.0,2207.0,2114.0,5.4,311750.0,19.1,40.7,4.6,140385.0,2.5,4.17,5.82,1.67,3.32,11.71,1.2401,192.4,193.0,81.132,48.15,94.1,6438.9
2005-03-01,96.4456,78.6751,133154.0,79.51,1160056.0,186608.0,1864.0,2062.0,5.2,332000.0,19.5,40.4,4.5,140654.0,2.63,4.5,6.06,1.87,3.43,13.13,1.216,193.1,193.8,81.375,54.19,92.6,6448.3
2005-04-01,96.6532,78.8731,133520.0,80.026,1177581.0,194847.0,2061.0,2150.0,5.2,323200.0,19.6,40.4,4.5,141254.0,2.79,4.34,6.05,1.55,3.26,14.46,1.2359,193.7,194.3,81.603,52.98,87.7,6461.8
2005-05-01,96.7402,78.9331,133689.0,79.917,1175330.0,206623.0,2025.0,2085.0,5.1,327000.0,18.6,40.4,4.4,141609.0,3.0,4.14,6.01,1.14,3.01,13.97,1.2555,193.6,194.1,81.649,49.83,86.9,6479.0
2005-06-01,97.1753,78.9349,133948.0,80.62,1186461.0,210020.0,2068.0,2178.0,5.0,325750.0,17.9,40.4,4.4,141714.0,3.04,4.0,5.86,0.96,2.82,11.87,1.2402,193.7,194.3,81.7,56.35,96.0,6511.7
2005-07-01,96.8676,78.4897,134300.0,81.199,1185681.0,194475.0,2054.0,2203.0,5.0,324400.0,17.6,40.5,4.4,142026.0,3.26,4.18,5.95,0.92,2.69,11.05,1.2229,194.9,195.6,82.046,59.0,96.5,6543.5
2005-08-01,97.1833,78.7308,134502.0,80.839,1188599.0,204839.0,2095.0,2219.0,4.9,315750.0,18.4,40.5,4.5,142434.0,3.5,4.26,5.96,0.76,2.46,12.95,1.2043,196.1,197.0,82.377,64.99,89.1,6576.3
2005-09-01,95.3005,77.6962,134552.0,80.521,1182865.0,203997.0,2151.0,2263.0,5.0,382750.0,17.9,40.7,4.5,142401.0,3.62,4.2,6.03,0.58,2.41,12.63,1.1777,198.8,200.0,83.172,65.59,76.9,6610.1
2005-10-01,96.4572,78.6389,134641.0,80.738,1182725.0,209901.0,2065.0,2170.0,5.0,352200.0,17.9,41.0,4.6,142548.0,3.78,4.46,6.3,0.68,2.52,14.94,1.1774,199.1,200.3,83.305,62.26,74.2,6643.9
2005-11-01,97.5414,79.1894,134997.0,80.976,1198972.0,220733.0,2147.0,2218.0,5.0,317250.0,17.5,40.9,4.6,142499.0,4.0,4.54,6.39,0.54,2.39,12.15,1.1815,198.1,199.1,83.131,58.32,81.6,6660.7
2005-12-01,98.0452,79.1365,135159.0,81.292,1205870.0,221499.0,1994.0,2120.0,4.9,316400.0,17.5,40.8,4.6,142752.0,4.16,4.47,6.32,0.31,2.16,11.26,1.1615,198.1,199.0,83.131,59.41,91.5,6687.8
2006-01-01,98.1999,79.5941,135427.0,81.714,1212206.0,209540.0,2273.0,2212.0,4.7,295750.0,16.9,41.0,4.6,143150.0,4.29,4.42,6.24,0.13,1.95,12.04,1.1572,199.3,200.3,83.534,65.49,91.2,6730.1
2006-02-01,98.2413,79.2317,135733.0,81.885,1215079.0,219738.0,2119.0,2141.0,4.8,290750.0,17.8,41.0,4.6,143457.0,4.49,4.57,6.27,0.08,1.78,12.47,1.1489,199.4,200.3,83.584,61.63,86.7,6754.7
2006-03-01,98.4628,79.0731,136038.0,82.057,1217128.0,227188.0,1969.0,2118.0,4.7,301750.0,17.1,41.1,4.5,143741.0,4.59,4.72,6.41,0.13,1.82,11.69,1.1573,199.7,200.7,83.746,62.69,88.9,6769.3
2006-04-01,98.7618,79.2153,136210.0,82.203,1205627.0,214625.0,1821.0,1998.0,4.7,303600.0,16.7,41.2,4.5,143761.0,4.79,4.99,6.68,0.2,1.89,11.85,1.1441,200.7,201.9,84.135,69.44,87.4,6806.9
2006-05-01,98.7869,78.8787,136249.0,82.341,1215535.0,215819.0,1942.0,1905.0,4.6,332750.0,17.1,41.2,4.5,144089.0,4.94,5.11,6.75,0.17,1.81,14.45,1.11,201.3,202.6,84.361,70.84,79.1,6813.7
2006-06-01,99.0997,78.9462,136337.0,82.386,1212189.0,221220.0,1802.0,1867.0,4.6,305500.0,16.6,41.2,4.5,144353.0,4.99,5.11,6.78,0.12,1.79,16.92,1.1137,201.8,203.0,84.569,70.95,84.9,6851.8
2006-07-01,99.0489,78.5463,136529.0,82.851,1206927.0,209494.0,1737.0,1763.0,4.7,318800.0,17.1,41.4,4.6,144202.0,5.24,5.09,6.76,-0.15,1.52,15.33,1.1294,202.9,204.2,84.858,74.41,84.7,6893.6
2006-08-01,99.4836,78.9594,136692.0,82.576,1213695.0,210473.0,1650.0,1722.0,4.7,314250.0,17.1,41.1,4.4,144625.0,5.25,4.88,6.59,-0.37,1.34,13.35,1.1182,203.8,205.1,85.125,73.04,82.0,6925.1
2006-09-01,99.3183,78.8808,136826.0,83.088,1213475.0,234701.0,1720.0,1655.0,4.5,316200.0,17.1,41.1,4.2,144815.0,5.25,4.72,6.43,-0.53,1.18,12.18,1.1161,202.8,203.9,84.902,63.8,85.4,6952.4
2006-10-01,99.2044,78.3488,136843.0,83.447,1214355.0,216952.0,1491.0,1570.0,4.4,315500.0,16.3,41.1,4.2,145314.0,5.25,4.73,6.42,-0.52,1.17,11.31,1.1285,201.9,202.8,84.702,58.89,93.6,7001.7
2006-11-01,99.1627,78.2681,137060.0,83.477,1215059.0,224809.0,1570.0,1535.0,4.5,326250.0,16.2,41.0,4.1,145534.0,5.25,4.6,6.2,-0.65,0.95,10.82,1.1359,202.0,202.9,84.731,59.08,92.1,7037.2
2006-12-01,100.1735,79.227,137249.0,83.961,1234494.0,229243.0,1649.0,1638.0,4.4,324000.0,16.1,41.1,4.2,145970.0,5.24,4.56,6.22,-0.68,0.98,10.96,1.1532,203.1,204.1,85.032,61.96,91.7,7080.1
2007-01-01,99.8346,78.781,137472.0,84.127,1226965.0,222969.0,1409.0,1626.0,4.6,317250.0,16.3,41.0,4.1,146028.0,5.25,4.76,6.34,-0.49,1.09,11.04,1.1763,203.437,204.297,85.316,54.51,96.9,7118.3
2007-02-01,100.7753,78.8347,137560.0,84.106,1234327.0,220962.0,1480.0,1598.0,4.5,322750.0,16.7,40.9,4.1,146057.0,5.26,4.72,6.28,-0.54,1.02,11.16,1.171,204.226,204.992,85.581,59.28,91.3,7134.3
2007-03-01,100.9547,79.285,137784.0,84.2,1235875.0,229526.0,1495.0,1596.0,4.4,309400.0,17.8,41.3,4.3,146320.0,5.26,4.56,6.27,-0.7,1.01,15.16,1.1682,205.288,206.114,85.894,60.44,88.4,7168.2
2007-04-01,101.6334,79.5845,137847.0,84.281,1233744.0,233420.0,1490.0,1470.0,4.5,320250.0,16.9,41.3,4.2,145586.0,5.25,4.69,6.39,-0.56,1.14,12.93,1.135,205.904,206.747,86.096,63.98,87.1,7240.7
2007-05-01,101.7306,79.3763,137992.0,84.405,1242000.0,228836.0,1415.0,1493.0,4.4,304250.0,16.6,41.1,4.2,145903.0,5.25,4.75,6.39,-0.5,1.14,13.3,1.0951,206.755,207.609,86.346,63.46,88.3,7254.6
2007-06-01,101.7893,79.4851,138070.0,84.409,1240587.0,228868.0,1448.0,1407.0,4.6,315200.0,16.5,41.4,4.3,146063.0,5.25,5.1,6.7,-0.15,1.45,14.95,1.0651,207.234,208.032,86.529,67.49,85.3,7287.8
2007-07-01,101.6672,79.2955,138044.0,84.666,1233195.0,233176.0,1354.0,1361.0,4.7,313250.0,17.2,41.3,4.2,145905.0,5.26,5.0,6.65,-0.26,1.39,17.27,1.0502,207.603,208.349,86.661,74.12,90.4,7318.7
2007-08-01,101.863,78.8946,138013.0,85.023,1248674.0,235758.0,1330.0,1321.0,4.6,320000.0,17.0,41.3,4.2,145682.0,5.02,4.67,6.65,-0.35,1.63,25.03,1.0579,207.667,208.295,86.72,72.36,83.4,7394.8
2007-09-01,102.0894,78.9517,138099.0,85.095,1249279.0,226473.0,1183.0,1261.0,4.7,313400.0,16.3,41.3,4.2,146244.0,4.94,4.52,6.59,-0.42,1.65,22.2,1.0267,208.547,209.157,87.054,79.92,83.4,7413.0
2007-10-01,101.8015,78.7002,138175.0,85.162,1255916.0,230700.0,1264.0,1192.0,4.7,328250.0,17.0,41.2,4.1,145946.0,4.76,4.53,6.48,-0.23,1.72,19.12,0.9754,209.19,209.799,87.318,85.8,80.9,7428.1
2007-11-01,102.3446,78.9719,138290.0,85.34,1252867.0,227005.0,1197.0,1224.0,4.7,336000.0,17.3,41.3,4.2,146595.0,4.49,4.15,6.4,-0.34,1.91,25.58,0.9672,210.834,211.575,87.781,94.77,76.1,7453.6
2007-12-01,102.3803,78.9954,138395.0,85.286,1242662.0,244443.0,1037.0,1149.0,5.0,348200.0,16.6,41.1,4.0,146273.0,4.24,4.1,6.65,-0.14,2.41,21.65,1.0021,211.445,212.225,87.984,91.69,75.5,7483.9
2008-01-01,102.2448,78.7582,138391.0,85.272,1248910.0,239389.0,1084.0,1094.0,5.0,338750.0,17.5,41.1,4.1,146378.0,3.94,3.74,6.54,-0.2,2.6,25.82,1.0099,212.174,212.866,88.206,92.97,78.4,7517.5
2008-02-01,101.8438,78.161,138329.0,84.977,1236974.0,235037.0,1103.0,1014.0,4.9,346750.0,16.9,41.1,4.0,146156.0,2.98,3.74,6.82,0.76,3.84,25.46,0.9986,212.687,213.336,88.382,95.39,70.8,7604.0
2008-03-01,101.5336,77.8244,138259.0,85.189,1220580.0,234868.0,1005.0,967.0,5.1,363400.0,16.5,41.3,4.1,146086.0,2.61,3.51,6.89,0.9,4.28,27.1,1.0029,213.448,214.153,88.635,105.45,69.5,7670.0
2008-04-01,100.8785,77.0718,138040.0,85.327,1233018.0,231086.0,1013.0,1008.0,5.0,359500.0,16.9,41.2,4.0,146132.0,2.28,3.68,6.97,1.4,4.69,21.56,1.0137,213.942,214.432,88.799,112.58,62.6,7712.5
2008-05-01,100.2674,76.6191,137851.0,85.486,1224494.0,227370.0,973.0,995.0,5.4,366800.0,16.6,41.0,3.9,145908.0,1.98,3.88,6.93,1.9,4.95,18.3,0.9993,215.208,215.76,89.18,125.4,59.8,7725.2
2008-06-01,100.0335,76.1328,137700.0,85.328,1222857.0,229262.0,1046.0,1180.0,5.6,383250.0,17.1,41.0,3.9,145737.0,2.0,4.1,7.07,2.1,5.07,22.11,1.0166,217.463,218.168,89.827,133.88,56.4,7743.9
2008-07-01,99.676,75.4485,137497.0,84.917,1201769.0,220411.0,923.0,921.0,5.8,398000.0,17.0,41.0,3.8,145532.0,2.01,4.01,7.16,2.0,5.15,24.32,1.013,219.016,219.632,90.245,133.37,61.2,7791.2
2008-08-01,98.1111,74.544,137211.0,84.907,1192943.0,214106.0,844.0,858.0,6.1,433000.0,17.7,40.9,3.7,145203.0,2.0,3.89,7.15,1.89,5.15,20.7,1.0535,218.69,219.074,90.172,116.67,63.0,7805.8
2008-09-01,93.7895,72.0301,136760.0,84.343,1163601.0,215245.0,820.0,797.0,6.1,464000.0,18.6,40.5,3.5,145076.0,1.81,3.69,7.31,1.88,5.5,30.24,1.0582,218.877,219.09,90.247,104.11,70.3,7872.4
2008-10-01,94.7219,71.6296,136291.0,84.213,1152758.0,191912.0,777.0,736.0,6.5,475250.0,19.9,40.5,3.4,144802.0,0.97,3.81,8.88,2.84,7.91,61.18,1.1847,216.995,216.751,89.651,76.61,57.6,7974.9
2008-11-01,93.4715,69.9172,135541.0,83.955,1121305.0,181552.0,652.0,626.0,6.8,519800.0,18.9,40.1,3.2,144100.0,0.39,3.53,9.21,3.14,8.82,62.67,1.2171,213.153,212.215,88.593,57.31,55.3,8027.0
2008-12-01,90.8357,67.6607,134847.0,83.711,1115214.0,173849.0,560.0,554.0,7.3,564000.0,19.9,39.8,2.9,143369.0,0.16,2.42,8.43,2.26,8.27,52.41,1.2337,211.398,210.172,88.098,41.12,60.1,8204.7
2009-01-01,88.57,65.5546,134079.0,84.092,1091570.0,151085.0,490.0,545.0,7.8,572000.0,19.8,39.7,2.9,142152.0,0.15,2.52,8.14,2.37,7.99,44.68,1.2248,211.933,210.769,88.108,41.71,61.2,8289.0
2009-02-01,88.031,65.5782,133318.0,83.747,1098345.0,148834.0,582.0,558.0,8.3,644000.0,20.2,39.6,2.7,141640.0,0.22,2.87,8.08,2.65,7.86,45.57,1.2452,212.705,211.713,88.266,39.09,56.3,8319.3
2009-03-01,86.6528,64.4771,132494.0,83.401,1075682.0,146323.0,505.0,513.0,8.7,659250.0,20.9,39.3,2.6,140707.0,0.18,2.82,8.42,2.64,8.24,44.8,1.2645,212.495,211.541,88.169,47.94,57.3,8386.4
2009-04-01,85.9344,64.107,131822.0,83.277,1067305.0,147467.0,478.0,521.0,9.0,627750.0,21.7,39.4,2.9,140656.0,0.15,2.93,8.39,2.78,8.24,38.06,1.2242,212.709,211.845,88.295,49.65,65.1,8391.1
2009-05-01,85.0665,63.5243,131466.0,83.353,1067765.0,149255.0,540.0,556.0,9.4,612000.0,22.4,39.3,2.8,140248.0,0.18,3.29,8.06,3.11,7.88,31.98,1.1528,213.022,212.268,88.387,59.03,68.7,8449.2
2009-06-01,84.7459,63.4322,131008.0,83.376,1066077.0,147033.0,585.0,601.0,9.5,598250.0,23.9,39.6,2.8,140009.0,0.21,3.72,7.5,3.51,7.29,29.14,1.1264,214.79,214.326,88.912,69.64,70.8,8459.3
2009-07-01,85.7027,64.4955,130662.0,83.654,1081824.0,153691.0,594.0,595.0,9.5,566500.0,25.1,39.9,3.0,139901.0,0.16,3.56,7.09,3.4,6.93,26.16,1.1229,214.726,214.321,88.922,64.15,66.0,8463.5
2009-08-01,86.6426,65.3114,130472.0,84.406,1082444.0,157489.0,586.0,616.0,9.6,559200.0,25.3,40.0,3.0,139492.0,0.16,3.59,6.58,3.43,6.42,25.34,1.0872,215.445,215.159,89.18,71.05,65.7,8463.0
2009-09-01,87.4063,66.102,130246.0,83.627,1083725.0,158041.0,585.0,609.0,9.8,547500.0,26.6,40.1,3.1,138818.0,0.15,3.4,6.31,3.25,6.16,24.93,1.0816,215.861,215.663,89.324,69.41,73.5,8461.6
2009-10-01,87.6419,66.2859,130061.0,83.722,1089060.0,161097.0,534.0,583.0,10.0,525400.0,27.5,40.2,3.3,138432.0,0.12,3.39,6.29,3.27,6.17,24.25,1.0547,216.509,216.385,89.663,75.72,70.6,8487.9
2009-11-01,88.0221,67.0806,130057.0,83.588,1097236.0,160419.0,588.0,623.0,9.9,494000.0,28.9,40.5,3.4,138659.0,0.12,3.4,6.32,3.28,6.2,23.79,1.0593,217.234,217.207,89.887,77.99,67.4,8517.0
2009-12-01,88.3793,67.1474,129808.0,84.099,1100924.0,160520.0,581.0,664.0,9.9,485500.0,29.7,40.6,3.5,138013.0,0.12,3.59,6.37,3.47,6.25,21.24,1.0537,217.347,217.286,89.939,74.47,72.5,8512.2
2010-01-01,89.3426,67.941,129802.0,83.945,1097775.0,181016.0,614.0,636.0,9.8,479800.0,30.3,40.9,3.6,138438.0,0.11,3.73,6.25,3.62,6.14,20.64,1.0438,217.488,217.351,90.136,78.33,74.4,8477.7
2010-02-01,89.6779,68.0202,129706.0,84.259,1105025.0,180450.0,604.0,650.0,9.8,485750.0,29.8,40.5,3.4,138581.0,0.13,3.69,6.34,3.56,6.21,22.54,1.0572,217.281,217.101,90.134,76.39,73.6,8527.3
2010-03-01,90.2928,68.9678,129866.0,84.662,1119036.0,182148.0,636.0,687.0,9.9,470250.0,31.6,41.0,3.6,138751.0,0.16,3.73,6.27,3.57,6.11,17.77,1.0229,217.353,217.115,90.261,81.2,73.6,8523.5
2010-04-01,90.5991,69.624,130120.0,84.835,1129045.0,182948.0,687.0,637.0,9.9,469000.0,33.3,41.1,3.8,139297.0,0.2,3.85,6.25,3.65,6.05,17.42,1.0052,217.403,217.138,90.31,84.29,72.2,8554.8
2010-05-01,91.823,70.611,130642.0,85.046,1125510.0,189932.0,583.0,575.0,9.6,459400.0,34.0,41.4,4.0,139241.0,0.2,3.42,6.05,3.22,5.85,31.93,1.0403,217.29,216.988,90.339,73.74,73.6,8609.0
2010-06-01,91.9928,70.682,130510.0,85.253,1136355.0,185667.0,536.0,587.0,9.4,460500.0,34.5,41.0,3.8,139141.0,0.18,3.2,6.23,3.02,6.05,29.92,1.0376,217.199,216.89,90.301,75.34,76.0,8628.1
2010-07-01,92.3421,71.1601,130415.0,85.486,1145984.0,187506.0,546.0,579.0,9.4,459200.0,33.9,41.1,3.8,139179.0,0.18,3.01,6.01,2.83,5.83,25.57,1.0422,217.605,217.369,90.378,76.32,67.8,8639.5
2010-08-01,92.6805,71.3642,130415.0,85.693,1146566.0,191745.0,599.0,580.0,9.5,475000.0,33.7,41.2,3.9,139438.0,0.19,2.7,5.66,2.51,5.47,24.75,1.0404,217.923,217.698,90.502,76.6,68.9,8687.9
2010-09-01,92.9537,71.5357,130341.0,85.774,1146388.0,201932.0,594.0,563.0,9.5,453500.0,33.4,41.4,4.0,139396.0,0.19,2.65,5.66,2.46,5.47,22.52,1.033,218.275,217.988,90.592,75.24,68.2,8718.7
2010-10-01,92.6903,71.6761,130620.0,85.993,1152306.0,193066.0,543.0,558.0,9.4,446800.0,34.0,41.3,4.0,139119.0,0.19,2.54,5.72,2.35,5.53,20.37,1.0179,219.035,218.821,90.881,81.89,67.7,8768.4
2010-11-01,92.7709,71.8748,130749.0,86.211,1155595.0,197202.0,545.0,560.0,9.8,426250.0,33.9,41.3,4.0,139044.0,0.19,2.76,5.92,2.57,5.73,20.1,1.0129,219.59,219.397,91.062,84.25,71.6,8789.0
2010-12-01,93.6787,72.3185,130830.0,86.325,1157650.0,193452.0,539.0,632.0,9.3,420250.0,34.7,41.3,4.0,139301.0,0.18,3.29,6.1,3.11,5.92,17.57,1.0081,220.472,220.376,91.268,89.15,74.5,8823.2
2011-01-01,93.4814,72.4358,130837.0,86.422,1171839.0,203636.0,630.0,576.0,9.1,426800.0,37.2,41.0,4.0,139250.0,0.17,3.39,6.09,3.22,5.92,17.32,0.9939,221.187,221.006,91.542,89.17,74.2,8849.0
2011-02-01,93.1102,72.6355,131057.0,86.398,1155055.0,196393.0,517.0,542.0,9.0,401500.0,37.4,41.4,4.2,139394.0,0.16,3.58,6.15,3.42,5.99,17.43,0.9876,221.898,221.665,91.797,88.58,77.5,8913.3
2011-03-01,94.0788,73.1469,131283.0,86.697,1168286.0,212748.0,600.0,583.0,9.0,406000.0,39.1,41.4,4.2,139639.0,0.14,3.41,6.03,3.27,5.89,20.72,0.9766,223.046,222.725,92.166,102.86,67.5,8971.5
2011-04-01,93.7749,72.8001,131597.0,86.594,1164024.0,200733.0,554.0,581.0,9.1,420600.0,38.7,41.4,4.1,139586.0,0.1,3.46,6.02,3.36,5.92,16.24,0.958,224.093,223.802,92.557,109.53,69.8,9035.1
2011-05-01,93.888,72.8134,131703.0,86.494,1154888.0,207170.0,561.0,618.0,9.0,422500.0,39.6,41.5,4.2,139624.0,0.09,3.17,5.78,3.08,5.69,16.91,0.968,224.806,224.49,92.838,100.9,74.3,9107.8
2011-06-01,94.172,72.9204,131931.0,86.695,1166558.0,201579.0,608.0,636.0,9.1,418250.0,39.9,41.4,4.0,139384.0,0.09,3.0,5.75,2.91,5.66,19.15,0.9766,224.806,224.4,92.819,96.26,71.5,9182.1
2011-07-01,94.636,73.3492,131992.0,86.846,1171851.0,206458.0,623.0,621.0,9.0,412600.0,40.7,41.4,4.1,139524.0,0.07,3.0,5.76,2.93,5.69,19.23,0.9553,225.395,224.929,92.977,97.3,63.7,9344.2
2011-08-01,95.2749,73.6851,132125.0,86.793,1180548.0,216705.0,585.0,647.0,9.0,409500.0,40.5,41.4,4.1,139942.0,0.1,2.3,5.36,2.2,5.26,35.03,0.9817,226.106,225.571,93.196,86.33,55.8,9531.0
2011-09-01,95.1961,73.8276,132344.0,86.936,1172878.0,204738.0,650.0,610.0,9.0,417750.0,40.4,41.4,4.1,140183.0,0.08,1.98,5.27,1.9,5.19,36.53,1.0025,226.597,225.974,93.327,85.52,59.5,9551.5
2011-10-01,95.8568,74.1656,132553.0,87.093,1187685.0,210799.0,610.0,671.0,8.8,402400.0,38.7,41.5,4.1,140368.0,0.07,2.15,5.37,2.08,5.3,32.83,1.0198,226.75,226.116,93.329,86.32,60.8,9584.4
2011-11-01,95.8485,73.9533,132690.0,86.946,1183388.0,215531.0,711.0,706.0,8.6,389250.0,40.2,41.5,4.1,140826.0,0.08,2.01,5.14,1.93,5.06,31.94,1.0248,227.169,226.567,93.52,97.16,63.7,9636.5
2011-12-01,96.3571,74.3759,132888.0,86.985,1193759.0,223835.0,694.0,697.0,8.5,377000.0,40.4,41.6,4.0,140902.0,0.07,1.98,5.25,1.91,5.18,25.05,1.0235,227.223,226.561,93.574,98.56,69.9,9683.9
2012-01-01,96.9318,74.9205,133246.0,87.321,1200818.0,226295.0,723.0,712.0,8.3,377750.0,40.2,41.8,4.1,141584.0,0.08,1.97,5.23,1.89,5.15,20.23,1.013,227.842,227.18,93.894,100.27,75.0,9757.6
2012-02-01,97.2435,75.1535,133509.0,87.85,1205143.0,226783.0,704.0,738.0,8.3,363250.0,39.7,41.8,4.1,141858.0,0.1,1.97,5.14,1.87,5.04,18.42,0.9967,228.329,227.758,94.104,102.2,75.3,9809.8
2012-03-01,96.74,74.669,133748.0,87.735,1204027.0,221729.0,695.0,806.0,8.2,366600.0,39.3,41.6,4.2,142036.0,0.13,2.17,5.23,2.04,5.1,16.17,0.9938,228.807,228.24,94.284,106.16,76.2,9853.9
2012-04-01,97.4359,74.9465,133825.0,87.816,1207954.0,218445.0,753.0,732.0,8.2,381750.0,39.2,41.7,4.2,141899.0,0.14,2.05,5.19,1.91,5.05,17.82,0.9928,229.187,228.609,94.408,103.32,76.4,9907.7
2012-05-01,97.6609,74.6333,133932.0,87.822,1211617.0,219486.0,708.0,796.0,8.2,373500.0,39.6,41.6,4.2,142206.0,0.16,1.8,5.07,1.64,4.91,21.0,1.0097,228.713,228.028,94.302,94.66,79.3,9951.4
2012-06-01,97.6663,74.7583,134013.0,87.73,1208240.0,217930.0,757.0,794.0,8.2,379200.0,40.3,41.7,4.2,142391.0,0.16,1.62,5.02,1.46,4.86,21.13,1.028,228.524,227.734,94.254,82.3,73.2,10021.6
2012-07-01,97.8713,74.5256,134157.0,87.914,1210539.0,222851.0,740.0,849.0,8.2,372500.0,39.3,41.7,4.2,142292.0,0.16,1.53,4.87,1.37,4.71,17.57,1.0142,228.59,227.784,94.288,87.9,72.3,10074.5
2012-08-01,97.4525,74.345,134339.0,87.932,1209461.0,200405.0,754.0,840.0,8.1,373250.0,39.6,41.5,4.1,142291.0,0.13,1.68,4.91,1.55,4.78,15.69,0.9924,229.918,229.264,94.605,94.13,74.3,10145.6
2012-09-01,97.381,74.1108,134517.0,88.056,1211283.0,216864.0,847.0,930.0,7.8,381800.0,39.8,41.5,4.2,143044.0,0.14,1.72,4.84,1.58,4.7,15.28,0.9783,231.015,230.513,94.893,94.51,78.3,10226.1
2012-10-01,97.7193,73.9373,134669.0,88.05,1206602.0,218355.0,915.0,887.0,7.8,368500.0,39.6,41.5,4.1,143431.0,0.16,1.75,4.58,1.59,4.42,16.28,0.9872,231.638,231.165,95.174,89.49,82.6,10292.4
2012-11-01,98.0777,74.3212,134825.0,88.434,1228837.0,217176.0,833.0,917.0,7.7,401250.0,39.0,41.5,4.1,143333.0,0.16,1.65,4.51,1.49,4.35,16.7,0.997,231.249,230.647,95.109,86.53,82.7,10361.9
2012-12-01,98.3101,74.7755,135074.0,88.47,1233388.0,231169.0,976.0,941.0,7.9,359000.0,37.6,41.7,4.2,143330.0,0.16,1.72,4.63,1.56,4.47,17.31,0.9898,231.221,230.546,95.094,87.86,72.9,10484.1
2013-01-01,98.3342,74.589,135257.0,88.864,1237216.0,223063.0,888.0,940.0,8.0,353000.0,35.6,41.6,4.2,143292.0,0.14,1.91,4.73,1.77,4.59,13.51,0.9921,231.679,231.023,95.275,94.76,73.8,10508.1
2013-02-01,98.7941,74.8632,135546.0,88.849,1242279.0,234445.0,962.0,980.0,7.7,353000.0,36.4,41.9,4.3,143362.0,0.15,1.98,4.85,1.83,4.7,14.07,1.0098,232.937,232.489,95.614,95.31,77.6,10527.5
2013-03-01,99.1921,74.7698,135689.0,88.963,1235591.0,217480.0,1010.0,936.0,7.5,351800.0,37.0,41.9,4.3,143316.0,0.14,1.96,4.85,1.82,4.71,13.03,1.0244,232.282,231.692,95.488,92.94,78.6,10583.8
2013-04-01,99.1065,74.5484,135873.0,88.983,1233842.0,226467.0,835.0,1012.0,7.6,347250.0,36.5,41.8,4.4,143635.0,0.15,1.76,4.59,1.61,4.44,13.97,1.0187,231.797,231.056,95.391,92.02,76.4,10611.3
2013-05-01,99.1839,74.7765,136096.0,89.237,1247803.0,236942.0,930.0,1003.0,7.5,347750.0,36.8,41.7,4.3,143882.0,0.11,1.93,4.73,1.82,4.62,13.49,1.0196,231.893,231.2,95.461,94.51,84.5,10646.1
2013-06-01,99.3897,74.9749,136279.0,89.219,1243929.0,246567.0,839.0,942.0,7.5,344600.0,36.4,41.8,4.3,143999.0,0.09,2.3,5.19,2.21,5.1,17.27,1.0314,232.445,231.757,95.673,95.77,84.1,10703.3
2013-07-01,99.0814,74.4051,136391.0,89.329,1244157.0,220831.0,880.0,997.0,7.3,346000.0,37.3,41.7,4.3,144264.0,0.09,2.58,5.32,2.49,5.23,13.97,1.0402,232.9,232.252,95.792,104.67,85.1,10742.8
2013-08-01,99.6543,75.0642,136646.0,89.464,1249320.0,224721.0,917.0,964.0,7.2,333400.0,37.6,41.9,4.4,144326.0,0.08,2.74,5.42,2.66,5.34,14.21,1.0407,233.456,232.856,95.934,106.57,82.1,10801.2
2013-09-01,100.161,75.1341,136821.0,89.733,1253661.0,237493.0,850.0,1004.0,7.2,314000.0,37.4,41.8,4.3,144418.0,0.08,2.81,5.47,2.73,5.39,14.69,1.0342,233.544,232.947,95.976,106.29,77.5,10862.0
2013-10-01,100.082,75.3083,137041.0,90.023,1260475.0,231736.0,925.0,1044.0,7.2,358500.0,35.1,41.9,4.3,143537.0,0.09,2.62,5.31,2.53,5.22,15.41,1.0363,233.669,233.055,96.103,100.54,73.2,10986.3
2013-11-01,100.3158,75.3105,137317.0,90.393,1275801.0,243831.0,1100.0,1029.0,6.9,328200.0,36.6,42.0,4.4,144479.0,0.08,2.72,5.38,2.64,5.3,12.92,1.0486,234.1,233.524,96.246,93.86,75.1,10995.6
2013-12-01,100.5175,75.2138,137372.0,90.475,1270949.0,238481.0,1002.0,1005.0,6.7,346000.0,36.5,41.9,4.5,144778.0,0.09,2.9,5.38,2.81,5.29,14.19,1.0639,234.719,234.205,96.414,97.63,82.5,11060.1
2014-01-01,100.1599,74.4928,137561.0,90.176,1258055.0,224538.0,888.0,976.0,6.6,326750.0,35.1,41.6,4.4,145150.0,0.07,2.86,5.19,2.79,5.12,14.24,1.094,235.288,234.808,96.614,94.62,81.2,11130.8
2014-02-01,100.9168,75.2268,137712.0,90.586,1268722.0,231380.0,944.0,1039.0,6.7,335250.0,36.5,41.6,4.3,145134.0,0.07,2.71,5.1,2.64,5.03,15.47,1.1054,235.547,234.964,96.66,100.82,81.6,11196.8
2014-03-01,101.8942,75.9245,137985.0,91.104,1279006.0,235485.0,970.0,1067.0,6.7,321000.0,35.3,42.0,4.5,145648.0,0.08,2.72,5.06,2.64,4.98,14.84,1.1107,236.028,235.357,96.815,100.8,80.0,11232.6
2014-04-01,101.9928,75.984,138298.0,91.253,1280443.0,237317.0,1043.0,1090.0,6.2,322750.0,34.9,41.9,4.4,145667.0,0.09,2.71,4.9,2.62,4.81,14.2,1.0992,236.468,235.742,96.987,102.07,84.1,11277.7
2014-05-01,102.3836,76.2447,138513.0,91.451,1283964.0,234459.0,1007.0,1018.0,6.3,313800.0,34.4,42.1,4.6,145825.0,0.09,2.56,4.76,2.47,4.67,12.48,1.0894,236.918,236.079,97.147,102.18,81.9,11342.8
2014-06-01,102.735,76.5649,138849.0,91.772,1283791.0,237501.0,911.0,1010.0,6.1,313500.0,33.9,42.1,4.5,146247.0,0.1,2.6,4.8,2.5,4.7,11.54,1.083,237.231,236.403,97.253,105.79,82.5,11398.1
2014-07-01,102.9632,76.9794,139072.0,91.971,1291656.0,300114.0,1085.0,1076.0,6.2,301750.0,32.7,42.0,4.4,146399.0,0.09,2.54,4.73,2.45,4.64,12.3,1.0739,237.498,236.619,97.391,103.59,81.8,11453.0
2014-08-01,102.7688,76.5958,139269.0,92.596,1294102.0,236400.0,984.0,1047.0,6.1,302000.0,32.0,42.0,4.4,146530.0,0.09,2.42,4.69,2.33,4.6,13.49,1.0926,237.46,236.488,97.379,96.54,82.5,11477.3
2014-09-01,103.0641,76.6653,139563.0,92.623,1293829.0,236112.0,1023.0,1077.0,5.9,295000.0,31.9,42.1,4.5,146778.0,0.09,2.53,4.8,2.44,4.71,13.47,1.1011,237.477,236.4,97.413,93.21,84.6,11519.1
2014-10-01,103.0764,76.6657,139798.0,93.217,1295747.0,233072.0,1074.0,1094.0,5.7,288750.0,32.3,42.1,4.4,147427.0,0.09,2.3,4.69,2.21,4.6,18.06,1.1212,237.43,236.284,97.384,84.4,86.9,11593.1
2014-11-01,103.7126,77.2751,140089.0,93.454,1298950.0,228727.0,1001.0,1059.0,5.8,291600.0,32.7,42.2,4.5,147404.0,0.09,2.33,4.79,2.24,4.7,13.41,1.1325,236.983,235.684,97.291,75.79,88.8,11634.2
2014-12-01,103.7044,77.2028,140364.0,93.713,1306392.0,225104.0,1073.0,1072.0,5.6,284500.0,32.7,42.1,4.5,147615.0,0.12,2.21,4.74,2.09,4.62,16.29,1.1532,236.252,234.705,97.12,59.29,93.6,11717.6
2015-01-01,102.8905,76.8495,140568.0,93.936,1308978.0,225739.0,1085.0,1049.0,5.7,287600.0,32.0,42.0,4.5,148145.0,0.11,1.88,4.45,1.77,4.34,19.12,1.2122,234.747,232.969,96.654,47.22,98.1,11805.2
2015-02-01,102.2335,76.373,140827.0,94.158,1303724.0,217321.0,886.0,1127.0,5.5,301250.0,31.2,41.9,4.4,148045.0,0.11,1.98,4.51,1.87,4.4,15.9,1.2499,235.342,233.611,96.825,50.58,95.4,11922.8
2015-03-01,101.8914,76.7408,140923.0,94.441,1310961.0,230136.0,960.0,1072.0,5.4,284000.0,30.5,41.8,4.3,148128.0,0.11,2.04,4.54,1.93,4.43,14.81,1.2618,235.976,234.411,97.008,47.82,93.0,11920.5
2015-04-01,101.3355,76.8166,141196.0,94.614,1321167.0,225656.0,1190.0,1166.0,5.4,286000.0,30.9,41.8,4.3,148511.0,0.12,1.94,4.48,1.82,4.36,13.49,1.2337,236.222,234.707,97.094,54.45,95.9,11954.6
2015-05-01,100.8883,76.921,141538.0,94.899,1307579.0,218316.0,1079.0,1272.0,5.6,274000.0,30.7,41.8,4.3,148817.0,0.12,2.2,4.89,2.08,4.77,13.34,1.2176,237.001,235.571,97.327,59.27,90.7,11982.6
2015-06-01,100.571,76.6945,141709.0,94.966,1309833.0,228948.0,1205.0,1379.0,5.3,273750.0,28.4,41.8,4.4,148816.0,0.13,2.36,5.13,2.23,5.0,14.34,1.2365,237.657,236.22,97.516,59.82,96.1,12023.2
2015-07-01,101.2228,77.3337,141991.0,95.319,1313431.0,228347.0,1146.0,1140.0,5.2,277750.0,28.1,41.8,4.3,148830.0,0.13,2.32,5.2,2.19,5.07,14.35,1.2863,238.034,236.623,97.605,50.9,93.1,12067.0
2015-08-01,101.0367,77.1158,142125.0,95.554,1315072.0,222335.0,1130.0,1165.0,5.1,275200.0,28.4,41.8,4.3,149181.0,0.14,2.17,5.19,2.03,5.05,19.43,1.3147,238.033,236.529,97.612,42.87,91.9,12112.0
2015-09-01,100.7547,76.926,142275.0,95.61,1327948.0,217744.0,1224.0,1144.0,5.0,269500.0,25.7,41.8,4.2,148826.0,0.14,2.17,5.34,2.03,5.2,24.38,1.3266,237.498,235.792,97.477,45.48,87.2,12173.9
2015-10-01,100.2675,76.827,142579.0,95.676,1325144.0,226517.0,1058.0,1160.0,5.0,267000.0,27.5,41.8,4.3,149246.0,0.12,2.07,5.34,1.95,5.22,16.79,1.3072,237.733,236.022,97.477,46.22,90.0,12225.2
2015-11-01,99.5298,76.6246,142808.0,95.835,1322511.0,224319.0,1172.0,1244.0,5.1,268500.0,27.9,41.8,4.2,149463.0,0.12,2.26,5.46,2.14,5.34,16.21,1.3279,238.017,236.388,97.538,42.44,91.3,12317.0
2015-12-01,99.0417,76.4118,143077.0,96.138,1320606.0,217570.0,1146.0,1211.0,5.0,271000.0,27.9,41.8,4.2,150128.0,0.24,2.24,5.46,2.0,5.22,18.03,1.3713,237.761,236.141,97.456,37.19,92.6,12387.9
2016-01-01,99.5607,76.6964,143210.0,96.299,1321509.0,228982.0,1092.0,1171.0,4.8,279600.0,29.1,41.9,4.3,150653.0,0.34,2.09,5.45,1.75,5.11,23.72,1.4208,237.652,235.989,97.496,31.68,92.0,12518.5
2016-02-01,99.0445,76.4063,143406.0,96.941,1332078.0,216792.0,1225.0,1172.0,4.9,266750.0,29.4,41.8,4.3,150939.0,0.38,1.78,5.34,1.4,4.96,22.52,1.3797,237.336,235.585,97.445,30.32,91.7,12603.9
2016-03-01,98.3096,76.3208,143662.0,96.58,1332612.0,218388.0,1111.0,1118.0,5.0,263250.0,28.3,41.8,4.3,151218.0,0.36,1.89,5.13,1.53,4.77,15.85,1.3226,238.08,236.534,97.673,37.55,91.0,12661.8
2016-04-01,98.6421,76.2043,143854.0,96.836,1331387.0,229837.0,1163.0,1160.0,5.1,266000.0,27.9,41.8,4.3,151074.0,0.37,1.81,4.79,1.44,4.42,14.3,1.2818,238.992,237.554,97.993,40.75,89.0,12743.2
2016-05-01,98.4184,76.1095,143900.0,96.995,1323914.0,223117.0,1148.0,1205.0,4.8,274500.0,26.9,41.9,4.2,151132.0,0.37,1.81,4.68,1.44,4.31,14.85,1.2945,239.557,238.265,98.153,46.71,94.7,12802.0
2016-06-01,98.8833,76.2442,144147.0,97.426,1331850.0,206910.0,1203.0,1208.0,4.9,265250.0,28.0,41.8,4.3,151223.0,0.38,1.64,4.53,1.26,4.15,17.77,1.2894,240.222,239.059,98.325,48.76,93.5,12852.5
2016-07-01,98.9992,76.2506,144520.0,97.604,1330786.0,216155.0,1239.0,1198.0,4.8,259400.0,27.8,42.0,4.3,151554.0,0.39,1.5,4.22,1.11,3.83,13.16,1.3052,240.101,238.924,98.342,44.65,90.0,12911.9
2016-08-01,98.85,75.904,144661.0,97.709,1340941.0,217584.0,1171.0,1201.0,4.9,263500.0,27.2,41.8,4.3,151779.0,0.4,1.56,4.24,1.16,3.84,12.4,1.2998,240.545,239.423,98.479,44.72,89.8,12989.7
2016-09-01,98.7457,76.0291,144967.0,97.97,1342844.0,217396.0,1068.0,1303.0,5.0,251500.0,26.5,41.9,4.3,151761.0,0.4,1.63,4.31,1.23,3.91,14.22,1.3108,241.176,240.147,98.666,45.18,91.2,13054.9
2016-10-01,98.7611,76.0921,145065.0,97.925,1344497.0,233461.0,1313.0,1254.0,4.9,255800.0,26.6,42.0,4.4,151793.0,0.4,1.76,4.38,1.36,3.98,14.59,1.3251,241.741,240.792,98.868,49.78,87.2,13122.8
2016-11-01,98.3491,76.0292,145183.0,98.09,1345017.0,216353.0,1140.0,1230.0,4.7,245750.0,25.9,41.9,4.3,151954.0,0.41,2.14,4.71,1.73,4.3,15.24,1.3434,242.026,241.133,98.901,45.66,93.8,13208.7
2016-12-01,99.0214,76.0673,145408.0,98.78,1361415.0,219525.0,1252.0,1248.0,4.7,252200.0,26.3,41.9,4.2,152157.0,0.54,2.49,4.83,1.95,4.29,12.47,1.3339,242.637,241.84,99.071,51.97,98.2,13234.9
2017-01-01,98.7611,76.2213,145628.0,98.839,1365202.0,219277.0,1190.0,1303.0,4.7,244000.0,25.3,41.9,4.1,152152.0,0.65,2.43,4.66,1.78,4.01,11.61,1.3183,243.618,242.92,99.451,52.5,98.5,13315.7
2017-02-01,98.3646,76.1845,145846.0,98.892,1363025.0,221514.0,1271.0,1234.0,4.6,230250.0,25.5,41.9,4.2,152480.0,0.66,2.42,4.64,1.76,3.98,11.53,1.3109,244.006,243.265,99.586,53.47,96.3,13394.8
2017-03-01,99.0137,75.9999,145970.0,99.331,1360169.0,222944.0,1190.0,1272.0,4.4,233750.0,25.1,41.8,4.2,153065.0,0.79,2.48,4.68,1.69,3.89,11.9,1.3387,243.892,243.054,99.535,49.33,96.9,13463.6
2017-04-01,100.0224,76.9785,146175.0,99.364,1355381.0,224150.0,1146.0,1251.0,4.4,227800.0,24.1,42.0,4.3,153255.0,0.9,2.3,4.57,1.4,3.67,13.14,1.3437,244.193,243.348,99.725,51.06,97.0,13521.7
2017-05-01,100.1408,76.962,146380.0,99.427,1360858.0,222292.0,1157.0,1208.0,4.4,239000.0,24.7,41.9,4.4,153069.0,0.91,2.3,4.55,1.39,3.64,10.86,1.3606,244.004,243.071,99.682,48.48,97.1,13568.9
2017-06-01,100.3471,77.119,146583.0,99.745,1365370.0,236980.0,1249.0,1353.0,4.3,248000.0,24.6,42.0,4.3,153318.0,1.04,2.19,4.37,1.15,3.33,10.51,1.3295,244.163,243.287,99.766,45.18,95.0,13580.5
2017-07-01,100.1068,76.9178,146772.0,99.996,1370870.0,217739.0,1206.0,1256.0,4.3,250800.0,24.6,41.9,4.4,153569.0,1.15,2.32,4.39,1.17,3.24,10.26,1.269,244.243,243.314,99.803,46.63,93.4,13643.1
2017-08-01,99.6925,76.8894,146919.0,100.008,1378509.0,221312.0,1159.0,1319.0,4.4,247750.0,24.0,42.0,4.4,153503.0,1.16,2.21,4.31,1.05,3.15,11.98,1.2608,245.183,244.355,100.027,48.04,96.8,13697.7
2017-09-01,99.7954,77.0102,147008.0,100.555,1385196.0,228782.0,1181.0,1273.0,4.3,272400.0,26.1,41.9,4.4,154286.0,1.15,2.2,4.3,1.05,3.15,10.44,1.2279,246.435,245.745,100.4,49.82,95.1,13745.1
2017-10-01,101.0247,77.9179,147149.0,100.65,1393064.0,228333.0,1257.0,1356.0,4.2,242250.0,26.2,42.0,4.5,153609.0,1.15,2.36,4.32,1.21,3.17,10.13,1.2607,246.626,245.932,100.531,51.58,100.7,13800.1
2017-11-01,101.2664,78.0466,147372.0,101.202,1403474.0,230235.0,1273.0,1299.0,4.2,247750.0,25.7,42.1,4.5,153805.0,1.16,2.35,4.27,1.19,3.11,10.54,1.2773,247.284,246.668,100.675,56.64,98.5,13843.5
2017-12-01,101.4644,77.9264,147523.0,101.992,1412747.0,241711.0,1177.0,1311.0,4.1,242600.0,24.2,41.8,4.4,153904.0,1.3,2.4,4.22,1.1,2.92,10.26,1.2769,247.805,247.19,100.821,57.88,95.9,13881.7
2018-01-01,101.4625,77.7567,147660.0,101.886,1394188.0,228219.0,1299.0,1317.0,4.0,235250.0,24.2,41.9,4.5,154425.0,1.41,2.58,4.26,1.17,2.85,11.06,1.2429,248.859,248.301,101.199,63.7,95.7,13900.3
2018-02-01,101.7085,78.4742,148054.0,101.931,1401163.0,236950.0,1277.0,1321.0,4.1,221000.0,22.9,42.3,4.7,155197.0,1.42,2.86,4.51,1.44,3.09,22.46,1.2588,249.529,249.089,101.416,62.23,99.7,13949.3
2018-03-01,102.2067,78.4626,148280.0,102.226,1398064.0,244343.0,1318.0,1385.0,4.0,225800.0,24.0,42.2,4.6,155214.0,1.51,2.84,4.64,1.33,3.13,19.02,1.2933,249.577,249.128,101.524,62.73,101.4,14012.7
2018-04-01,103.3329,79.0447,148420.0,102.318,1398213.0,243872.0,1276.0,1378.0,4.0,221500.0,22.5,42.4,4.8,155312.0,1.69,2.87,4.67,1.18,2.98,18.27,1.2732,250.227,249.801,101.766,66.25,98.8,14035.9
2018-05-01,102.4024,78.4247,148742.0,102.633,1408616.0,243168.0,1357.0,1338.0,3.8,221250.0,21.1,42.1,4.5,155652.0,1.7,2.98,4.83,1.28,3.13,14.12,1.2866,250.792,250.452,101.941,69.98,98.0,14092.4
2018-06-01,103.198,78.9473,148960.0,102.732,1402036.0,243778.0,1192.0,1345.0,4.0,222600.0,20.8,42.2,4.5,155762.0,1.82,2.91,4.83,1.09,3.01,13.68,1.3125,251.018,250.666,102.029,67.87,98.2,14137.2
2018-07-01,103.3646,79.0213,149020.0,102.95,1405164.0,235786.0,1208.0,1334.0,3.8,209500.0,23.1,42.2,4.5,156146.0,1.91,2.89,4.79,0.98,2.88,13.15,1.3133,251.214,250.826,102.137,70.98,97.9,14174.6
2018-08-01,104.0327,79.2129,149277.0,103.167,1412014.0,245657.0,1288.0,1273.0,3.8,208500.0,22.4,42.1,4.5,155504.0,1.91,2.89,4.77,0.98,2.86,12.55,1.3042,251.663,251.291,102.208,68.06,96.2,14223.2
2018-09-01,104.1004,79.2511,149358.0,102.983,1411531.0,247957.0,1250.0,1314.0,3.7,205200.0,24.2,42.0,4.5,156015.0,1.95,3.0,4.88,1.05,2.93,12.91,1.3034,252.182,251.834,102.418,70.23,100.1,14245.5
2018-10-01,103.9856,78.9436,149527.0,103.284,1406996.0,238903.0,1221.0,1272.0,3.8,213000.0,23.1,42.1,4.5,156391.0,2.19,3.15,5.07,0.96,2.88,19.35,1.3004,252.772,252.534,102.595,70.75,98.6,14256.6
2018-11-01,104.0681,78.747,149617.0,103.835,1411645.0,235930.0,1181.0,1340.0,3.8,225250.0,22.1,41.9,4.5,156721.0,2.2,3.12,5.22,0.92,3.02,19.39,1.3205,252.594,252.22,102.63,56.96,97.5,14282.8
2018-12-01,104.0936,79.0103,149809.0,102.947,1408513.0,243401.0,1095.0,1317.0,3.9,224600.0,21.9,42.1,4.5,156817.0,2.27,2.83,5.13,0.56,2.86,24.95,1.3436,252.767,252.27,102.701,49.52,98.3,14386.8
2019-01-01,103.4021,78.3218,150060.0,103.243,1411462.0,236180.0,1226.0,1254.0,4.0,222750.0,20.5,42.0,4.4,156487.0,2.4,2.71,5.12,0.31,2.72,19.57,1.33,252.561,251.933,102.648,51.38,91.2,14459.7
2019-02-01,102.8371,77.8923,150067.0,103.294,1408768.0,231710.0,1121.0,1286.0,3.8,222500.0,21.8,41.7,4.4,156863.0,2.4,2.68,4.95,0.28,2.55,15.23,1.3209,253.319,252.697,102.836,54.95,93.8,14506.3
2019-03-01,102.8757,77.7067,150295.0,104.019,1405640.0,240465.0,1191.0,1295.0,3.8,211800.0,22.2,41.7,4.4,156701.0,2.41,2.57,4.84,0.17,2.44,14.49,1.3371,254.277,253.735,103.069,58.15,98.4,14557.5
2019-04-01,102.274,77.2434,150591.0,104.028,1394958.0,232744.0,1272.0,1322.0,3.7,209750.0,22.5,41.6,4.3,156625.0,2.42,2.53,4.7,0.11,2.28,12.95,1.3378,255.233,254.889,103.36,63.86,97.2,14594.7
2019-05-01,102.392,77.2603,150618.0,104.413,1403604.0,224565.0,1293.0,1347.0,3.6,218500.0,24.0,41.6,4.2,156821.0,2.39,2.4,4.63,0.01,2.24,16.72,1.346,255.296,254.888,103.435,60.83,100.0,14704.4
2019-06-01,102.4375,77.6047,150838.0,104.766,1405269.0,224890.0,1243.0,1299.0,3.6,225200.0,21.6,41.7,4.2,157232.0,2.38,2.07,4.46,-0.31,2.08,15.84,1.3289,255.213,254.772,103.484,54.66,98.2,14802.8
2019-07-01,101.9408,77.0847,150937.0,105.261,1406165.0,228956.0,1240.0,1379.0,3.7,208500.0,19.6,41.5,4.2,157529.0,2.4,2.06,4.28,-0.34,1.88,13.31,1.3105,255.802,255.434,103.622,57.35,98.4,14886.8
2019-08-01,102.639,77.6077,151169.0,105.665,1409855.0,230355.0,1375.0,1482.0,3.6,211000.0,21.9,41.5,4.2,157829.0,2.13,1.63,3.87,-0.49,1.75,18.98,1.3273,256.036,255.668,103.67,54.81,89.8,14974.4
2019-09-01,102.2917,77.028,151365.0,105.836,1405353.0,226791.0,1311.0,1469.0,3.5,209500.0,22.5,41.5,4.2,158339.0,2.04,1.7,3.91,-0.35,1.86,15.56,1.3241,256.43,256.035,103.733,56.95,93.2,15047.0
2019-10-01,101.4281,76.426,151460.0,105.843,1389568.0,226218.0,1325.0,1523.0,3.6,212250.0,22.4,41.4,4.1,158545.0,1.83,1.71,3.92,-0.12,2.09,15.47,1.3189,257.155,256.783,103.917,53.96,95.5,15184.1
2019-11-01,101.9372,77.0781,151667.0,106.412,1396759.0,218719.0,1353.0,1535.0,3.6,224400.0,20.3,41.4,4.1,158629.0,1.55,1.81,3.94,0.26,2.39,12.52,1.3237,257.879,257.523,104.024,57.03,96.8,15296.0
2019-12-01,101.7003,77.2042,151794.0,106.584,1390886.0,222265.0,1548.0,1443.0,3.6,236000.0,20.7,41.4,4.1,158845.0,1.55,1.86,3.88,0.31,2.33,13.76,1.3169,258.63,258.322,104.307,59.88,99.3,15347.5
2020-01-01,101.0338,77.0311,152031.0,107.073,1386608.0,233656.0,1581.0,1495.0,3.6,215500.0,21.9,41.3,3.9,158508.0,1.55,1.76,3.77,0.21,2.22,13.94,1.3089,259.127,258.777,104.49,57.52,99.8,15427.1
2020-02-01,101.3735,77.2279,152293.0,106.702,1391224.0,240355.0,1549.0,1455.0,3.5,210200.0,20.6,41.5,4.0,158714.0,1.58,1.5,3.61,-0.08,2.03,19.63,1.3286,259.25,258.813,104.573,50.54,101.0,15493.4
2020-03-01,97.4078,73.7382,150895.0,99.687,1330719.0,204710.0,1266.0,1346.0,4.4,2335250.0,17.0,41.2,3.9,155353.0,0.65,0.87,4.29,0.24,3.66,57.74,1.396,258.076,257.35,104.271,29.21,89.1,16033.0
2020-04-01,84.5619,62.5589,130426.0,88.774,1177479.0,165166.0,936.0,1076.0,14.8,4663250.0,7.2,38.4,2.7,133185.0,0.05,0.66,4.13,0.61,4.08,41.45,1.4048,256.032,254.393,103.838,16.55,71.8,17065.3
2020-05-01,85.9604,65.3028,133040.0,96.162,1276086.0,184417.0,1039.0,1250.0,13.2,2173400.0,10.5,39.4,3.1,137173.0,0.05,0.67,3.95,0.62,3.9,30.9,1.3972,255.802,253.857,103.942,28.56,72.3,17932.9
2020-06-01,91.5934,70.4285,137671.0,101.401,1373101.0,202777.0,1266.0,1334.0,11.0,1490250.0,14.4,39.9,3.3,142342.0,0.08,0.73,3.64,0.65,3.56,31.12,1.3552,257.042,255.061,104.27,38.31,78.1,18184.3
2020-07-01,95.0256,73.0801,139255.0,102.956,1411729.0,223750.0,1526.0,1546.0,10.2,1383500.0,17.0,40.7,3.7,143779.0,0.09,0.62,3.31,0.53,3.22,26.84,1.3497,258.352,256.738,104.578,40.71,72.5,18335.4
2020-08-01,95.9549,74.3046,140821.0,103.78,1413552.0,226872.0,1396.0,1533.0,8.4,922400.0,19.9,41.0,3.7,147245.0,0.1,0.65,3.27,0.56,3.18,22.89,1.3229,259.316,257.787,104.87,42.34,74.1,18411.2
2020-09-01,95.9669,74.4348,141770.0,105.071,1419956.0,230481.0,1473.0,1636.0,7.8,851750.0,21.5,41.2,3.9,147620.0,0.09,0.68,3.36,0.59,3.27,27.65,1.323,259.997,258.562,105.057,39.63,80.4,18602.5
2020-10-01,96.7394,75.295,142460.0,105.391,1432103.0,236338.0,1543.0,1613.0,6.9,795400.0,22.0,41.4,4.0,149931.0,0.09,0.79,3.44,0.7,3.35,29.44,1.3218,260.319,258.839,105.151,39.4,81.8,18757.6
2020-11-01,97.0816,75.7534,142733.0,105.114,1431857.0,237115.0,1543.0,1703.0,6.7,751250.0,23.3,41.3,4.1,149934.0,0.09,0.87,3.3,0.78,3.21,25.0,1.3073,260.911,259.526,105.258,40.94,76.9,18997.0
2020-12-01,98.363,76.3888,142548.0,105.538,1442553.0,241814.0,1614.0,1752.0,6.7,836750.0,23.2,41.5,4.2,149975.0,0.09,0.93,3.16,0.84,3.07,22.37,1.2809,262.045,260.658,105.699,47.02,80.7,19115.7
2021-01-01,98.8822,77.1897,142863.0,106.878,1472712.0,249937.0,1630.0,1855.0,6.4,827800.0,26.0,41.6,4.2,149821.0,0.09,1.08,3.24,0.99,3.15,24.91,1.2725,262.687,261.336,106.147,52.0,79.0,19379.0
2021-02-01,95.6149,74.1452,143380.0,105.895,1428248.0,251426.0,1404.0,1711.0,6.2,755000.0,27.6,41.4,4.1,150234.0,0.08,1.26,3.42,1.18,3.34,23.14,1.2696,263.579,262.333,106.5,59.04,76.8,19641.8
2021-03-01,98.3856,76.4953,144232.0,110.454,1482801.0,253805.0,1696.0,1756.0,6.1,669250.0,29.6,41.6,4.1,150666.0,0.07,1.61,3.74,1.54,3.67,21.84,1.2569,264.961,263.9,107.054,62.33,84.9,19873.2
2021-04-01,98.5587,76.6806,144587.0,111.327,1483733.0,252613.0,1495.0,1721.0,6.1,589000.0,28.4,41.6,4.1,151045.0,0.07,1.64,3.6,1.56,3.53,17.42,1.2494,266.614,265.643,107.618,61.72,88.3,20175.4
2021-05-01,99.4333,77.5331,145065.0,111.142,1455876.0,253009.0,1589.0,1703.0,5.8,469200.0,29.7,41.5,4.1,151546.0,0.06,1.62,3.62,1.56,3.56,19.76,1.2125,268.383,267.499,108.175,65.17,82.9,20459.0
2021-06-01,99.7987,77.5677,145820.0,112.053,1460523.0,258284.0,1650.0,1654.0,5.9,409500.0,32.0,41.4,4.1,151721.0,0.08,1.52,3.44,1.44,3.36,16.96,1.222,270.654,269.802,108.76,71.38,85.5,20477.1
2021-07-01,100.2519,78.295,146762.0,111.876,1465158.0,259416.0,1597.0,1658.0,5.4,370000.0,29.8,41.4,4.0,152812.0,0.1,1.32,3.24,1.22,3.14,17.6,1.253,271.903,270.962,109.256,72.49,81.2,20633.3
2021-08-01,100.0437,77.9251,147314.0,112.637,1451943.0,264287.0,1594.0,1736.0,5.1,359750.0,29.4,41.4,4.1,153258.0,0.09,1.28,3.24,1.19,3.15,17.47,1.2599,272.676,271.668,109.674,67.73,70.3,20840.7
2021-09-01,98.8579,77.0224,147771.0,112.79,1457262.0,259192.0,1577.0,1640.0,4.7,354750.0,28.5,41.3,4.1,153844.0,0.08,1.37,3.23,1.29,3.15,19.82,1.2671,273.91,272.725,110.034,71.65,72.8,20981.0
2021-10-01,100.1861,78.1049,148572.0,113.505,1465891.0,263534.0,1579.0,1707.0,4.5,284400.0,26.8,41.3,4.1,154468.0,0.08,1.58,3.35,1.5,3.27,17.87,1.2434,276.55,275.37,110.762,81.48,71.7,21160.7
2021-11-01,100.8654,78.5506,149230.0,113.734,1470618.0,268650.0,1705.0,1765.0,4.1,236500.0,28.9,41.5,4.2,155513.0,0.08,1.56,3.28,1.48,3.2,18.5,1.2567,278.919,277.769,111.5,79.15,67.4,21335.9
2021-12-01,100.5726,78.4351,149816.0,113.307,1467940.0,277487.0,1722.0,1919.0,3.9,216250.0,28.0,41.5,4.2,156053.0,0.08,1.47,3.3,1.38,3.22,21.35,1.28,280.845,279.737,112.191,71.71,70.6,21498.8
2022-01-01,100.1856,77.7378,150006.0,113.372,1485162.0,280925.0,1702.0,1920.0,4.0,239200.0,24.5,41.2,4.2,157081.0,0.08,1.76,3.58,1.68,3.5,23.18,1.2622,282.543,281.339,112.805,83.22,67.2,21650.0
2022-02-01,100.8064,78.1748,150825.0,113.448,1472992.0,277036.0,1735.0,1857.0,3.9,219000.0,26.4,41.5,4.4,157654.0,0.08,1.93,3.97,1.85,3.89,25.75,1.2711,284.5,283.166,113.471,91.64,62.8,21724.8
2022-03-01,101.3907,78.5575,151315.0,114.041,1470559.0,277554.0,1712.0,1868.0,3.7,215000.0,24.2,41.5,4.2,158238.0,0.2,2.13,4.29,1.93,4.09,26.97,1.266,287.674,286.419,114.469,108.5,59.4,21786.8
2022-04-01,101.44,78.4892,151623.0,114.632,1469438.0,279157.0,1820.0,1859.0,3.7,213000.0,24.8,41.3,4.1,157852.0,0.33,2.75,4.66,2.42,4.33,24.37,1.2628,288.561,287.021,114.812,101.78,65.2,21769.5
2022-05-01,101.3335,78.1251,151924.0,114.473,1450168.0,278740.0,1531.0,1704.0,3.6,209750.0,22.5,41.1,4.0,158393.0,0.77,2.9,5.12,2.14,4.36,29.31,1.2859,291.298,289.655,115.525,109.55,58.4,21719.5
2022-06-01,101.018,77.6834,152358.0,114.544,1446858.0,284763.0,1551.0,1737.0,3.6,212500.0,22.3,40.9,4.0,158085.0,1.21,3.14,5.27,1.95,4.08,28.23,1.2804,294.957,293.4,116.638,114.84,50.0,21651.2
2022-07-01,101.223,77.7019,153072.0,114.646,1452657.0,284460.0,1381.0,1703.0,3.5,218200.0,22.1,41.0,3.9,158307.0,1.68,2.9,5.21,1.25,3.56,25.0,1.2936,294.913,292.848,116.631,101.62,51.5,21652.8
2022-08-01,101.0963,77.654,153362.0,115.268,1468234.0,282368.0,1531.0,1557.0,3.6,216500.0,22.3,40.9,3.8,158744.0,2.33,2.9,5.15,0.57,2.82,22.17,1.2917,295.097,292.671,116.956,93.67,58.2,21638.2
2022-09-01,101.2918,77.6645,153582.0,115.348,1465161.0,282430.0,1488.0,1600.0,3.5,197500.0,20.2,41.0,3.8,158814.0,2.56,3.52,5.69,0.94,3.11,27.34,1.3339,296.349,293.796,117.371,84.26,58.6,21536.5
2022-10-01,101.2529,77.8544,153939.0,115.556,1466963.0,287071.0,1435.0,1594.0,3.6,202600.0,20.7,41.0,4.0,158671.0,3.08,3.98,6.26,0.9,3.18,30.01,1.3689,298.007,295.381,117.919,87.55,59.9,21461.5
2022-11-01,100.9552,77.2186,154242.0,115.247,1451828.0,279095.0,1424.0,1401.0,3.6,210750.0,21.5,40.9,3.8,158484.0,3.78,3.89,6.07,0.14,2.32,23.3,1.3457,298.786,296.041,118.224,84.37,56.7,21406.5
2022-12-01,99.7664,75.8688,154342.0,115.146,1465472.0,293358.0,1308.0,1410.0,3.5,208200.0,19.4,40.6,3.7,159202.0,4.1,3.62,5.59,-0.47,1.5,21.78,1.3585,298.832,295.915,118.384,76.44,59.8,21291.0
2023-01-01,100.505,77.1602,154776.0,116.635,1483458.0,288874.0,1361.0,1410.0,3.5,204500.0,20.4,41.1,3.9,160173.0,4.33,3.53,5.5,-0.8,1.17,20.17,1.3422,300.42,297.511,119.018,78.12,64.9,21279.4
2023-02-01,100.6416,77.1498,155066.0,116.562,1471736.0,280693.0,1399.0,1618.0,3.6,214750.0,19.4,40.7,3.6,160457.0,4.57,3.75,5.59,-0.82,1.02,20.12,1.3454,301.45,298.51,119.369,76.83,66.9,21242.9
2023-03-01,101.0205,76.6104,155134.0,116.578,1459513.0,289270.0,1377.0,1480.0,3.5,229000.0,19.5,40.6,3.6,160848.0,4.65,3.66,5.71,-0.99,1.06,21.64,1.3683,301.821,298.934,119.538,73.28,62.0,20946.8
2023-04-01,101.253,77.2433,155375.0,116.938,1456995.0,290168.0,1354.0,1474.0,3.4,216400.0,20.9,40.7,3.6,160927.0,4.83,3.46,5.53,-1.37,0.7,17.82,1.3484,302.845,300.01,119.951,79.45,63.7,20761.4
2023-05-01,100.9286,77.0575,155655.0,116.888,1472101.0,289707.0,1584.0,1575.0,3.6,226000.0,21.2,40.7,3.6,160812.0,5.06,3.57,5.77,-1.48,0.72,17.64,1.3517,303.334,300.454,120.15,71.58,59.0,20829.6
2023-06-01,100.1196,76.4881,155880.0,117.256,1472700.0,303971.0,1421.0,1464.0,3.6,250750.0,20.7,40.7,3.6,160973.0,5.08,3.75,5.75,-1.33,0.67,14.0,1.3286,304.014,301.18,120.469,70.25,64.2,20799.3
2023-07-01,100.9067,76.7273,156043.0,117.816,1482383.0,293278.0,1460.0,1522.0,3.5,235200.0,20.6,40.7,3.6,161246.0,5.12,3.9,5.74,-1.22,0.62,13.93,1.3211,304.609,301.74,120.607,76.07,71.5,20791.2
2023-08-01,100.8393,76.6542,156261.0,117.892,1482238.0,289128.0,1317.0,1561.0,3.7,245000.0,20.4,40.8,3.6,161485.0,5.33,4.17,6.02,-1.16,0.69,15.85,1.3478,306.082,303.304,120.97,81.39,69.4,20777.2
2023-09-01,101.0211,76.672,156417.0,118.043,1491541.0,298229.0,1371.0,1537.0,3.7,218600.0,21.4,40.7,3.6,161451.0,5.33,4.38,6.16,-0.95,0.83,15.17,1.3531,307.276,304.622,121.419,89.43,67.8,20747.8
2023-10-01,100.4689,76.2599,156576.0,118.361,1490802.0,285976.0,1368.0,1528.0,3.9,210250.0,21.5,40.8,3.5,161198.0,5.33,4.8,6.63,-0.53,1.3,18.89,1.3712,307.696,304.948,121.484,85.64,63.8,20732.9
2023-11-01,100.8639,76.5305,156703.0,118.783,1497859.0,298570.0,1514.0,1503.0,3.7,218000.0,19.4,40.5,3.5,161863.0,5.33,4.5,6.29,-0.83,0.96,14.02,1.3707,308.148,305.395,121.493,77.69,61.3,20746.5
2023-12-01,100.6031,76.4545,156857.0,119.267,1508602.0,304324.0,1521.0,1519.0,3.8,207800.0,22.2,40.3,3.5,161058.0,5.33,4.02,5.64,-1.31,0.31,12.72,1.3416,308.741,306.0,121.66,71.9,69.7,20777.9
2024-01-01,99.2223,75.2859,157032.0,118.833,1492936.0,280614.0,1381.0,1545.0,3.7,211500.0,20.9,40.3,3.5,161133.0,5.33,4.06,5.68,-1.27,0.35,13.39,1.3423,309.698,306.953,122.23,74.15,79.0,20843.9
2024-02-01,100.285,76.2145,157238.0,119.356,1494481.0,282623.0,1552.0,1577.0,3.9,210000.0,20.9,40.6,3.6,161083.0,5.33,4.21,5.77,-1.12,0.44,13.98,1.35,310.967,308.367,122.598,77.25,76.9,20927.4
2024-03-01,100.4575,76.2676,157466.0,119.756,1491307.0,287423.0,1312.0,1476.0,3.9,215200.0,21.6,40.6,3.5,161462.0,5.33,4.21,5.75,-1.12,0.42,13.79,1.3536,312.345,309.936,123.038,81.28,79.4,20973.9
2024-04-01,100.2434,75.805,157530.0,119.974,1490484.0,286972.0,1385.0,1459.0,3.9,210250.0,20.0,40.6,3.6,161438.0,5.33,4.54,6.0,-0.79,0.67,16.14,1.3674,313.023,310.613,123.341,85.35,77.2,20959.7
2024-05-01,100.863,76.1923,157608.0,120.53,1503122.0,286829.0,1316.0,1407.0,3.9,222000.0,21.3,40.8,3.7,161180.0,5.33,4.48,5.95,-0.85,0.62,13.06,1.3667,313.175,310.715,123.348,80.02,69.1,21020.6
2024-06-01,100.894,76.006,157695.0,120.87,1506650.0,281128.0,1327.0,1461.0,4.1,234800.0,20.7,40.8,3.6,161152.0,5.33,4.31,5.82,-1.02,0.49,12.67,1.3705,313.044,310.469,123.539,79.77,68.2,21068.4
2024-07-01,99.9757,75.3409,157748.0,121.317,1519102.0,293234.0,1265.0,1436.0,4.2,237250.0,20.6,40.7,3.7,161297.0,5.33,4.25,5.84,-1.08,0.51,14.37,1.3714,313.569,310.964,123.736,81.8,66.4,21095.3
2024-08-01,100.4309,75.6471,157757.0,121.482,1518385.0,289926.0,1391.0,1476.0,4.2,230600.0,21.0,40.7,3.6,161429.0,5.33,3.87,5.6,-1.46,0.27,19.31,1.3655,314.062,311.468,123.889,76.68,67.9,21186.8
2024-09-01,99.8084,75.1957,157912.0,122.1,1530455.0,292469.0,1357.0,1434.0,4.1,224500.0,22.6,40.8,3.6,161813.0,5.13,3.72,5.42,-1.41,0.29,17.66,1.3546,314.732,312.088,124.164,70.24,70.1,21269.5
2024-10-01,99.4695,74.6339,157945.0,122.25,1526325.0,293266.0,1352.0,1428.0,4.1,236250.0,22.9,40.6,3.6,161444.0,4.83,4.1,5.63,-0.73,0.8,19.96,1.3757,315.631,313.015,124.494,71.99,70.5,21331.9
2024-11-01,99.2925,74.7343,158079.0,122.639,1535297.0,288340.0,1295.0,1508.0,4.2,219200.0,23.7,40.8,3.6,161159.0,4.64,4.36,5.78,-0.29,1.13,16.02,1.3973,316.528,313.872,124.637,69.95,71.8,21452.2
2024-12-01,100.3273,74.9627,158316.0,123.512,1547485.0,290559.0,1514.0,1480.0,4.1,222750.0,23.7,40.9,3.6,161586.0,4.48,4.39,5.8,-0.09,1.32,15.87,1.4247,317.604,314.982,124.979,70.12,74.0,21485.9
2025-01-01,100.0647,74.6327,158268.0,122.767,1531801.0,291195.0,1358.0,1460.0,4.0,215000.0,22.0,40.7,3.6,163831.0,4.33,4.63,6.08,0.3,1.75,16.76,1.4389,318.961,316.399,125.417,75.74,71.7,21548.1
2025-02-01,101.0993,75.523,158310.0,122.62,1542684.0,293985.0,1490.0,1454.0,4.2,225000.0,21.4,41.0,3.7,163338.0,4.33,4.45,5.92,0.12,1.59,16.97,1.4299,319.679,317.13,125.921,71.53,64.7,21613.5
2025-03-01,101.0404,75.785,158377.0,123.575,1563633.0,316215.0,1355.0,1481.0,4.2,223000.0,22.9,41.1,3.7,163509.0,4.33,4.28,5.93,-0.05,1.6,21.84,1.4356,319.785,317.064,125.941,68.24,57.0,21693.6
2025-04-01,101.1279,75.6285,158485.0,123.748,1555663.0,295229.0,1398.0,1422.0,4.2,225750.0,23.2,40.9,3.7,163898.0,4.33,4.28,6.18,-0.05,1.85,31.97,1.3981,320.302,317.634,126.15,63.54,52.2,21775.6
2025-05-01,100.9655,75.468,158498.0,123.575,1550522.0,344069.0,1282.0,1394.0,4.3,231800.0,21.9,41.0,3.7,163244.0,4.33,4.42,6.29,0.09,1.96,20.46,1.3867,320.62,317.852,126.38,62.17,52.2,21833.9
2025-06-01,101.4785,75.6385,158478.0,123.894,1556845.0,311761.0,1382.0,1393.0,4.1,239000.0,23.1,41.0,3.7,163327.0,4.33,4.38,6.15,0.05,1.82,18.4,1.3668,321.435,318.641,126.743,68.17,60.7,21938.8
2025-07-01,101.894,75.9194,158542.0,124.505,1565953.0,303032.0,1420.0,1362.0,4.3,221500.0,24.0,41.1,3.7,163140.0,4.33,4.39,6.1,0.06,1.77,16.38,1.3691,322.169,319.42,126.96,68.39,61.7,22020.0
2025-08-01,101.6247,75.8608,158472.0,124.869,1562681.0,312138.0,1291.0,1330.0,4.3,229600.0,24.5,41.0,3.7,163370.0,4.33,4.26,6.0,-0.07,1.67,15.75,1.3797,323.291,320.497,127.293,64.86,58.2,22087.0
2025-09-01,101.668,75.798,158548.0,125.007,1551628.0,314147.0,1328.0,1415.0,4.4,234000.0,24.1,41.0,3.8,163656.0,4.22,4.12,5.83,-0.11,1.6,15.79,1.3834,324.245,321.478,127.625,63.96,55.1,22170.3
2025-10-01,101.2195,75.1411,158408.0,125.271,1554556.0,307570.0,1272.0,1411.0,,226750.0,,41.1,3.7,,4.09,4.06,5.74,-0.02,1.66,18.09,1.3988,,,127.871,60.89,53.6,22245.1
2025-11-01,101.081,75.0295,158449.0,125.394,1554595.0,324305.0,1324.0,1388.0,4.5,222400.0,23.1,41.3,3.9,163760.0,3.88,4.09,5.86,0.21,1.98,19.77,1.4056,325.063,322.372,128.152,60.06,51.0,22277.5
2025-12-01,101.6113,74.9116,158432.0,125.507,1569176.0,321342.0,1373.0,1455.0,4.4,219250.0,24.4,41.1,3.7,163992.0,3.72,4.14,5.9,0.41,2.17,15.55,1.3795,326.031,323.15,128.576,57.97,52.9,22353.6
2026-01-01,101.5954,75.311,158592.0,125.56,1580716.0,319975.0,1398.0,1386.0,4.3,211800.0,23.7,41.4,3.9,163097.0,3.64,4.21,5.88,0.57,2.24,16.18,1.3771,326.588,323.694,129.0,60.04,56.4,22429.3
2026-02-01,102.344,75.5133,158436.0,125.902,1589639.0,316233.0,1356.0,1538.0,4.4,215750.0,25.7,41.6,3.9,162912.0,3.64,4.13,5.81,0.49,2.17,19.21,1.3648,327.46,324.495,129.484,64.51,56.6,22627.3
2026-03-01,101.7898,75.3401,158621.0,126.199,,318909.0,1502.0,1363.0,4.3,208000.0,25.3,41.5,3.9,162848.0,3.64,4.25,6.04,0.61,2.4,25.6,1.372,330.293,327.749,130.344,91.38,53.3,22686.0
2026-04-01,,,158736.0,,,,,,4.3,207750.0,24.4,41.6,4.0,162622.0,3.64,4.32,6.03,0.68,2.39,19.81,1.3754,,,,100.32,,
2026-05-01,,,,,,,,,,,,,,,,,,,,,,,,,,,
